Unnamed: 0.1,Unnamed: 0,Height,Weight,Age,Value,Wage,CA,PA,Wor,Vis,Thr,Tec,Tea,Tck,Str,Sta,TRO,Ref,Pun,Pos,Pen,Pas,Pac,1v1,OtB,Nat,Mar,L Th,Lon,Ldr,Kic,Jum,Hea,Han,Fre,Fla,Fir,Fin,Ecc,Dri,Det,Dec,Cro,Cor,Cnt,Cmp,Com,Cmd,Bra,Bal,Ant,Agi,Agg,Aer,Acc,player_id,last_season,current_club_id,height_in_cm,market_value_in_gbp,highest_market_value_in_gbp,Age_2020,fm_player_index,value_2022,market_value,value_2020,value_diff,Based,Based_rank
156.0,157.0,159.0,159.0,159.0,161.0,158.0,159.0,159.0,159.0,160.0,159.0,160.0,159.0,159.0,159.0,159.0,159.0,159.0,159.0,159.0,159.0,159.0,159.0,159.0,159.0,159.0,159.0,159.0,159.0,159.0,159.0,159.0,159.0,159.0,159.0,160.0,159.0,159.0,159.0,160.0,159.0,159.0,160.0,159.0,159.0,159.0,159.0,159.0,159.0,159.0,159.0,159.0,159.0,159.0,159.0,161.0,159.0,164.0,159.0,163.0,163.0,162.0,154.0,163.0,161.0,161.0,168.0,Portugal (Premier League),1.0
154.0,145.0,154.0,154.0,154.0,163.0,161.0,154.0,154.0,154.0,154.0,154.0,154.0,154.0,154.0,154.0,154.0,154.0,154.0,154.0,154.0,154.0,154.0,154.0,154.0,154.0,154.0,154.0,154.0,154.0,154.0,154.0,154.0,154.0,154.0,154.0,155.0,154.0,154.0,154.0,154.0,154.0,154.0,154.0,154.0,154.0,154.0,154.0,154.0,154.0,154.0,154.0,154.0,154.0,154.0,154.0,153.0,154.0,137.0,154.0,161.0,159.0,151.0,148.0,161.0,158.0,158.0,167.0,England (Sky Bet Championship),0.9330329915368074
151.0,160.0,153.0,153.0,152.0,138.0,134.0,152.0,153.0,153.0,152.0,153.0,152.0,153.0,152.0,151.0,152.0,153.0,152.0,153.0,152.0,149.0,152.0,152.0,152.0,152.0,153.0,152.0,151.0,152.0,152.0,153.0,153.0,153.0,153.0,153.0,150.0,153.0,152.0,153.0,152.0,152.0,153.0,152.0,152.0,152.0,152.0,153.0,153.0,152.0,153.0,152.0,153.0,151.0,153.0,153.0,155.0,153.0,138.0,153.0,150.0,148.0,144.0,142.0,150.0,137.0,137.0,166.0,Holland (Keuken Kampioen Divisie),0.8705505632961241
161.0,164.0,162.0,162.0,160.0,162.0,157.0,163.0,163.0,163.0,163.0,163.0,163.0,163.0,160.0,161.0,163.0,163.0,163.0,162.0,160.0,163.0,163.0,162.0,162.0,163.0,161.0,161.0,163.0,163.0,161.0,162.0,162.0,162.0,162.0,163.0,161.0,163.0,162.0,163.0,162.0,162.0,162.0,161.0,163.0,162.0,162.0,163.0,163.0,162.0,163.0,162.0,163.0,161.0,162.0,162.0,162.0,162.0,153.0,162.0,162.0,162.0,152.0,152.0,162.0,162.0,162.0,165.0,Holland (Eredivisie),0.8122523963562356
136.0,133.0,149.0,149.0,149.0,156.0,154.0,149.0,149.0,149.0,149.0,149.0,149.0,149.0,149.0,149.0,149.0,149.0,149.0,149.0,149.0,151.0,149.0,149.0,149.0,149.0,149.0,149.0,149.0,149.0,149.0,149.0,149.0,149.0,149.0,149.0,149.0,149.0,151.0,149.0,149.0,149.0,149.0,149.0,149.0,149.0,149.0,149.0,149.0,149.0,149.0,149.0,149.0,149.0,149.0,149.0,152.0,149.0,147.0,149.0,157.0,157.0,150.0,129.0,157.0,155.0,155.0,164.0,Brazil (First Division),0.757858283255199
160.0,168.0,158.0,158.0,158.0,149.0,150.0,158.0,158.0,158.0,158.0,158.0,158.0,158.0,158.0,158.0,158.0,158.0,158.0,158.0,158.0,158.0,158.0,158.0,158.0,158.0,158.0,158.0,158.0,158.0,158.0,158.0,158.0,158.0,158.0,158.0,158.0,158.0,158.0,158.0,158.0,158.0,158.0,158.0,158.0,158.0,158.0,158.0,158.0,158.0,158.0,158.0,158.0,158.0,158.0,158.0,160.0,158.0,159.0,158.0,154.0,155.0,155.0,153.0,154.0,150.0,150.0,163.0,Denmark (3F Superliga),0.7071067811865476
158.0,165.0,163.0,163.0,162.0,159.0,160.0,162.0,162.0,161.0,161.0,162.0,162.0,161.0,163.0,162.0,162.0,160.0,162.0,163.0,162.0,161.0,161.0,163.0,163.0,161.0,163.0,163.0,162.0,161.0,163.0,163.0,163.0,163.0,163.0,162.0,162.0,162.0,163.0,162.0,161.0,163.0,163.0,162.0,162.0,163.0,163.0,161.0,162.0,163.0,161.0,163.0,161.0,163.0,163.0,163.0,163.0,163.0,156.0,163.0,160.0,158.0,159.0,161.0,160.0,160.0,160.0,162.0,Belgium (Pro League A),0.6597539553864471
152.0,141.0,150.0,150.0,150.0,152.0,151.0,150.0,150.0,150.0,151.0,152.0,150.0,150.0,150.0,152.0,151.0,151.0,150.0,150.0,151.0,150.0,150.0,150.0,151.0,151.0,150.0,150.0,150.0,150.0,151.0,150.0,151.0,151.0,150.0,151.0,151.0,150.0,149.0,150.0,150.0,150.0,151.0,150.0,151.0,151.0,150.0,150.0,150.0,150.0,151.0,150.0,150.0,150.0,150.0,150.0,150.0,150.0,143.0,150.0,153.0,156.0,148.0,150.0,153.0,151.0,151.0,161.0,Italy (Serie B),0.6155722066724582
135.0,132.0,138.0,137.0,139.0,137.0,139.0,137.0,139.0,139.0,139.0,138.0,139.0,138.0,138.0,138.0,139.0,135.0,138.0,136.0,138.0,138.0,139.0,139.0,136.0,138.0,139.0,138.0,139.0,139.0,136.0,139.0,137.0,138.0,138.0,140.0,140.0,138.0,139.0,137.0,139.0,136.0,136.0,139.0,139.0,136.0,137.0,138.0,139.0,138.0,139.0,137.0,138.0,137.0,139.0,139.0,138.0,138.0,98.0,139.0,148.0,145.0,126.0,108.0,148.0,138.0,138.0,160.0,England (Sky Bet League One),0.5743491774985174
155.0,161.0,156.0,156.0,156.0,157.0,156.0,156.0,156.0,156.0,156.0,155.0,156.0,156.0,156.0,157.0,156.0,156.0,155.0,156.0,156.0,156.0,156.0,155.0,155.0,156.0,155.0,156.0,155.0,156.0,156.0,156.0,156.0,156.0,156.0,155.0,154.0,156.0,157.0,156.0,156.0,156.0,156.0,156.0,155.0,156.0,157.0,155.0,156.0,156.0,156.0,157.0,155.0,155.0,156.0,155.0,154.0,156.0,136.0,156.0,155.0,152.0,149.0,151.0,155.0,154.0,154.0,159.0,Scotland (Ladbrokes Premiership),0.5358867312681466
139.0,124.0,135.0,135.0,136.0,140.0,132.0,136.0,136.0,137.0,135.0,136.0,136.0,137.0,135.0,137.0,137.0,138.0,135.0,135.0,136.0,139.0,136.0,135.0,138.0,136.0,137.0,134.0,135.0,138.0,139.0,134.0,136.0,136.0,136.0,138.0,138.0,135.0,135.0,138.0,138.0,135.0,135.0,138.0,138.0,138.0,136.0,140.0,134.0,136.0,136.0,138.0,137.0,138.0,136.0,135.0,135.0,135.0,140.0,135.0,145.0,144.0,15.0,15.0,145.0,139.0,139.0,158.0,Croatia (First League),0.5
147.0,146.0,151.0,151.0,151.0,150.0,152.0,151.0,151.0,151.0,150.0,150.0,151.0,151.0,151.0,150.0,150.0,150.0,151.0,151.0,150.0,152.0,151.0,151.0,150.0,150.0,151.0,151.0,152.0,151.0,150.0,151.0,152.0,150.0,151.0,150.0,152.0,151.0,150.0,151.0,151.0,151.0,150.0,151.0,150.0,150.0,151.0,151.0,151.0,151.0,150.0,151.0,151.0,152.0,151.0,151.0,148.0,151.0,115.0,151.0,151.0,150.0,120.0,113.0,151.0,149.0,149.0,157.0,Germany (Bundesliga 2),0.4665164957684037
95.0,122.0,122.0,124.0,111.0,102.0,112.0,110.0,114.0,114.0,110.0,123.0,112.0,110.0,100.0,114.0,108.0,122.0,110.0,123.0,112.0,111.0,112.0,112.0,113.0,116.0,116.0,111.0,112.0,116.0,109.0,128.0,126.0,124.0,123.0,111.0,116.0,117.0,123.0,125.0,117.0,115.0,128.0,110.0,111.0,110.0,113.0,116.0,110.0,110.0,112.0,112.0,112.0,109.0,120.0,119.0,124.0,116.0,46.0,122.0,139.0,137.0,35.0,35.0,139.0,88.0,88.0,156.0,Germany (Regional Div. North),0.43527528164806206
131.0,127.0,133.0,133.0,132.0,115.0,113.0,132.0,133.0,132.0,133.0,133.0,132.0,132.0,133.0,133.0,133.0,133.0,132.0,134.0,132.0,132.0,132.0,132.0,133.0,133.0,133.0,132.0,132.0,133.0,133.0,133.0,133.0,133.0,133.0,133.0,133.0,133.0,133.0,133.0,132.0,133.0,133.0,132.0,132.0,133.0,133.0,135.0,135.0,133.0,133.0,132.0,132.0,133.0,133.0,132.0,133.0,133.0,111.0,133.0,140.0,135.0,57.0,57.0,140.0,117.0,117.0,155.0,Norway (Premier Division),0.40612619817811774
144.0,139.0,141.0,141.0,141.0,147.0,145.0,143.0,141.0,141.0,141.0,140.0,142.0,140.0,141.0,142.0,142.0,141.0,141.0,140.0,140.0,144.0,140.0,141.0,141.0,145.0,141.0,141.0,146.0,145.0,140.0,143.0,140.0,142.0,140.0,144.0,145.0,141.0,144.0,141.0,143.0,140.0,140.0,145.0,142.0,140.0,140.0,139.0,140.0,141.0,141.0,141.0,141.0,141.0,143.0,141.0,140.0,141.0,99.0,141.0,146.0,147.0,109.0,110.0,146.0,147.0,147.0,154.0,U.S.A. (MLS),0.37892914162759955
81.0,89.0,125.0,122.0,115.0,107.0,105.0,120.0,126.0,122.0,124.0,122.0,124.0,116.0,126.0,117.0,121.0,127.0,125.0,122.0,123.0,107.0,125.0,125.0,118.0,122.0,117.0,122.0,111.0,123.0,120.0,123.0,117.0,113.0,128.0,117.0,114.0,125.0,121.0,121.0,123.0,116.0,125.0,123.0,126.0,113.0,120.0,122.0,115.0,114.0,124.0,117.0,125.0,120.0,113.0,123.0,132.0,125.0,70.0,124.0,135.0,133.0,26.0,26.0,135.0,115.0,115.0,153.0,France (National 2 - C),0.3535533905932738
162.0,167.0,157.0,157.0,157.0,155.0,149.0,157.0,157.0,157.0,157.0,157.0,157.0,157.0,157.0,156.0,157.0,157.0,157.0,157.0,157.0,155.0,157.0,157.0,157.0,157.0,157.0,157.0,157.0,157.0,157.0,157.0,157.0,157.0,157.0,157.0,157.0,157.0,156.0,157.0,157.0,157.0,157.0,157.0,157.0,157.0,156.0,157.0,157.0,157.0,157.0,156.0,157.0,157.0,157.0,157.0,158.0,157.0,168.0,157.0,156.0,154.0,165.0,166.0,156.0,157.0,157.0,152.0,Ukraine (Premier League),0.32987697769322355
137.0,138.0,140.0,140.0,140.0,135.0,136.0,141.0,140.0,140.0,143.0,139.0,141.0,142.0,140.0,141.0,140.0,140.0,140.0,142.0,141.0,141.0,141.0,140.0,140.0,141.0,140.0,140.0,140.0,140.0,141.0,140.0,141.0,139.0,141.0,141.0,142.0,140.0,141.0,140.0,142.0,143.0,141.0,141.0,141.0,141.0,143.0,141.0,141.0,143.0,144.0,140.0,140.0,143.0,140.0,140.0,145.0,140.0,121.0,140.0,136.0,139.0,146.0,126.0,136.0,124.0,124.0,151.0,Portugal (Second League),0.3077861033362291
138.0,129.0,137.0,138.0,138.0,139.0,144.0,139.0,138.0,138.0,138.0,134.0,138.0,139.0,139.0,140.0,138.0,137.0,137.0,137.0,139.0,140.0,135.0,137.0,135.0,139.0,136.0,139.0,138.0,135.0,138.0,137.0,139.0,137.0,135.0,136.0,135.0,137.0,138.0,136.0,136.0,138.0,138.0,134.0,134.0,137.0,139.0,132.0,137.0,137.0,138.0,139.0,139.0,135.0,135.0,137.0,137.0,137.0,100.0,138.0,144.0,143.0,140.0,132.0,144.0,146.0,146.0,150.0,Austria (Premier Division),0.2871745887492587
146.0,147.0,143.0,144.0,143.0,136.0,130.0,145.0,145.0,145.0,146.0,143.0,145.0,145.0,145.0,146.0,146.0,144.0,143.0,143.0,146.0,146.0,146.0,144.0,146.0,144.0,143.0,146.0,145.0,143.0,144.0,141.0,146.0,144.0,143.0,146.0,146.0,145.0,142.0,145.0,144.0,146.0,144.0,146.0,145.0,145.0,146.0,143.0,142.0,144.0,146.0,145.0,143.0,145.0,142.0,144.0,146.0,143.0,116.0,143.0,137.0,136.0,112.0,104.0,137.0,131.0,131.0,149.0,Sweden (Premier Division),0.2679433656340733
129.0,106.0,130.0,130.0,129.0,126.0,129.0,131.0,131.0,129.0,131.0,131.0,131.0,130.0,130.0,127.0,130.0,131.0,131.0,127.0,130.0,129.0,131.0,130.0,132.0,130.0,131.0,131.0,127.0,131.0,130.0,131.0,128.0,132.0,125.0,131.0,127.0,130.0,129.0,132.0,131.0,131.0,131.0,130.0,131.0,129.0,131.0,131.0,132.0,129.0,130.0,131.0,131.0,129.0,126.0,131.0,128.0,131.0,141.0,130.0,132.0,130.0,145.0,141.0,132.0,121.0,121.0,148.0,Spain (Second Division B3),0.25
70.0,28.0,87.0,87.0,82.0,94.0,92.0,89.0,90.0,79.0,83.0,79.0,82.0,78.0,83.0,73.0,80.0,73.0,91.0,94.0,86.0,76.0,84.0,88.0,94.0,84.0,78.0,93.0,88.0,83.0,83.0,72.0,85.0,91.0,89.0,80.0,71.0,88.0,90.0,82.0,76.0,82.0,91.0,80.0,87.0,86.0,81.0,67.0,85.0,86.0,84.0,85.0,86.0,72.0,66.0,91.0,99.0,87.0,31.0,85.0,128.0,121.0,85.0,85.0,128.0,80.0,80.0,147.0,Spain (Third Division Group 4),0.23325824788420185
79.0,49.0,88.0,84.0,77.0,83.0,69.0,85.0,87.0,88.0,92.0,87.0,90.0,85.0,92.0,76.0,82.0,78.0,72.0,91.0,92.0,79.0,88.0,80.0,75.0,76.0,84.0,88.0,86.0,92.0,88.0,86.0,87.0,83.0,81.0,77.0,67.0,86.0,79.0,87.0,82.0,90.0,84.0,71.0,75.0,73.0,86.0,70.0,67.0,84.0,79.0,77.0,77.0,85.0,75.0,85.0,94.0,81.0,37.0,88.0,130.0,122.0,28.0,28.0,130.0,103.0,103.0,146.0,France (Reserves Group 1),0.217637640824031
99.0,90.0,121.0,117.0,108.0,104.0,116.0,114.0,120.0,113.0,117.0,112.0,117.0,115.0,116.0,123.0,115.0,111.0,104.0,107.0,115.0,114.0,118.0,111.0,119.0,111.0,125.0,116.0,107.0,113.0,117.0,122.0,122.0,123.0,118.0,113.0,111.0,122.0,112.0,118.0,118.0,121.0,114.0,114.0,112.0,114.0,118.0,110.0,114.0,119.0,119.0,114.0,113.0,111.0,132.0,111.0,127.0,114.0,96.0,118.0,134.0,132.0,27.0,27.0,134.0,127.0,127.0,145.0,France (National 2 - D),0.2030630990890589
145.0,144.0,147.0,147.0,147.0,148.0,147.0,147.0,147.0,147.0,147.0,147.0,147.0,147.0,147.0,147.0,147.0,148.0,147.0,147.0,147.0,147.0,147.0,147.0,147.0,147.0,147.0,147.0,147.0,148.0,147.0,147.0,147.0,147.0,147.0,148.0,147.0,147.0,147.0,147.0,147.0,147.0,147.0,147.0,148.0,147.0,147.0,147.0,147.0,147.0,147.0,148.0,147.0,147.0,147.0,147.0,149.0,147.0,135.0,147.0,147.0,146.0,147.0,149.0,147.0,148.0,148.0,144.0,France (Domino's Ligue 2),0.18946457081379978
11.0,68.0,14.0,10.0,46.0,19.0,19.0,24.0,8.0,38.0,37.0,49.0,51.0,25.0,8.0,14.0,44.0,15.0,35.0,51.0,29.0,36.0,35.0,39.0,29.0,35.0,10.0,25.0,11.0,26.0,11.0,51.0,6.0,9.0,15.0,35.0,46.0,34.0,24.0,12.0,29.0,23.0,35.0,16.0,36.0,30.0,22.0,62.0,48.0,6.0,17.0,23.0,44.0,25.0,51.0,39.0,33.0,37.0,18.0,4.0,126.0,118.0,69.0,69.0,126.0,78.0,78.0,143.0,Romania (Liga III Seria 5),0.1767766952966369
150.0,154.0,148.0,148.0,148.0,143.0,146.0,148.0,148.0,148.0,148.0,148.0,148.0,148.0,148.0,148.0,148.0,147.0,148.0,148.0,148.0,148.0,148.0,148.0,148.0,148.0,148.0,148.0,148.0,147.0,148.0,148.0,148.0,148.0,148.0,147.0,148.0,148.0,148.0,148.0,148.0,148.0,148.0,148.0,147.0,148.0,148.0,148.0,148.0,148.0,148.0,147.0,148.0,148.0,148.0,148.0,147.0,148.0,154.0,148.0,142.0,142.0,156.0,162.0,142.0,140.0,140.0,142.0,Turkey (1. League),0.16493848884661177
93.0,119.0,111.0,112.0,110.0,97.0,93.0,109.0,115.0,111.0,116.0,118.0,113.0,113.0,115.0,112.0,113.0,114.0,122.0,119.0,109.0,103.0,117.0,115.0,125.0,115.0,111.0,110.0,108.0,117.0,123.0,107.0,106.0,115.0,119.0,112.0,112.0,121.0,115.0,110.0,111.0,111.0,118.0,113.0,119.0,111.0,112.0,124.0,108.0,105.0,113.0,110.0,114.0,114.0,127.0,120.0,136.0,115.0,92.0,112.0,125.0,119.0,29.0,29.0,125.0,107.0,107.0,141.0,France (Reserves Group 2),0.1538930516681145
159.0,156.0,164.0,164.0,164.0,164.0,164.0,164.0,164.0,164.0,164.0,164.0,164.0,164.0,164.0,164.0,164.0,164.0,164.0,164.0,164.0,164.0,164.0,164.0,164.0,164.0,164.0,164.0,164.0,164.0,164.0,164.0,164.0,164.0,164.0,164.0,164.0,164.0,164.0,164.0,164.0,164.0,164.0,164.0,164.0,164.0,164.0,164.0,164.0,164.0,164.0,164.0,164.0,164.0,164.0,164.0,168.0,164.0,157.0,164.0,164.0,164.0,157.0,159.0,164.0,164.0,164.0,140.0,France (Ligue 1 Conforama),0.1435872943746294
106.0,61.0,93.0,95.0,91.0,112.0,87.0,103.0,98.0,95.0,100.0,108.0,100.0,98.0,96.0,98.0,96.0,98.0,92.0,102.0,99.0,101.0,98.0,92.0,106.0,95.0,93.0,104.0,93.0,95.0,84.0,109.0,93.0,104.0,83.0,101.0,106.0,96.0,105.0,90.0,101.0,92.0,97.0,107.0,104.0,99.0,95.0,94.0,101.0,100.0,97.0,99.0,95.0,103.0,79.0,95.0,97.0,97.0,93.0,94.0,122.0,115.0,99.0,111.0,122.0,108.0,108.0,139.0,Uruguay (First Division),0.13397168281703664
141.0,153.0,146.0,146.0,145.0,144.0,142.0,146.0,146.0,144.0,144.0,146.0,146.0,146.0,143.0,144.0,144.0,142.0,146.0,144.0,143.0,143.0,145.0,146.0,144.0,143.0,145.0,145.0,143.0,146.0,146.0,142.0,145.0,146.0,142.0,145.0,143.0,146.0,145.0,144.0,146.0,145.0,146.0,144.0,143.0,146.0,145.0,144.0,146.0,146.0,142.0,146.0,145.0,146.0,145.0,146.0,144.0,145.0,160.0,146.0,133.0,138.0,142.0,143.0,133.0,136.0,136.0,138.0,Belgium (Pro League B),0.125
98.0,114.0,114.0,114.0,117.0,89.0,84.0,116.0,116.0,120.0,111.0,105.0,121.0,123.0,119.0,116.0,116.0,120.0,112.0,121.0,117.0,122.0,123.0,116.0,129.0,117.0,121.0,118.0,118.0,111.0,116.0,126.0,115.0,112.0,122.0,123.0,123.0,114.0,111.0,117.0,119.0,109.0,115.0,120.0,120.0,118.0,116.0,114.0,116.0,117.0,121.0,113.0,117.0,116.0,104.0,116.0,125.0,120.0,104.0,113.0,120.0,111.0,64.0,64.0,120.0,110.0,110.0,137.0,Portugal (PT Championship A),0.11662912394210093
85.0,101.0,124.0,119.0,123.0,127.0,125.0,126.0,124.0,123.0,128.0,119.0,125.0,127.0,123.0,118.0,125.0,119.0,115.0,131.0,118.0,126.0,129.0,124.0,126.0,125.0,122.0,125.0,123.0,130.0,118.0,111.0,112.0,118.0,126.0,127.0,128.0,127.0,126.0,108.0,125.0,119.0,123.0,127.0,127.0,124.0,123.0,121.0,127.0,126.0,125.0,124.0,126.0,121.0,114.0,126.0,123.0,123.0,114.0,126.0,127.0,127.0,113.0,99.0,127.0,128.0,128.0,136.0,Brazil (Second Division),0.1088188204120155
113.0,113.0,120.0,120.0,114.0,111.0,115.0,118.0,117.0,121.0,113.0,106.0,111.0,124.0,125.0,120.0,117.0,121.0,117.0,116.0,122.0,109.0,113.0,110.0,116.0,113.0,113.0,124.0,124.0,120.0,121.0,127.0,125.0,122.0,116.0,109.0,104.0,111.0,116.0,113.0,110.0,118.0,113.0,109.0,114.0,121.0,110.0,117.0,121.0,120.0,117.0,116.0,111.0,118.0,121.0,115.0,126.0,122.0,83.0,117.0,117.0,109.0,125.0,130.0,117.0,93.0,93.0,135.0,Spain (Second Division B1),0.10153154954452945
88.0,94.0,106.0,106.0,105.0,134.0,106.0,104.0,103.0,104.0,101.0,92.0,101.0,104.0,109.0,108.0,105.0,90.0,99.0,96.0,107.0,93.0,103.0,100.0,107.0,98.0,103.0,107.0,98.0,88.0,108.0,98.0,111.0,110.0,97.0,89.0,94.0,101.0,94.0,109.0,96.0,107.0,100.0,95.0,91.0,104.0,105.0,98.0,107.0,109.0,106.0,106.0,102.0,105.0,101.0,101.0,88.0,99.0,73.0,106.0,129.0,123.0,21.0,21.0,129.0,134.0,134.0,134.0,England (Sky Bet League Two),0.09473228540689989
134.0,134.0,134.0,134.0,134.0,125.0,131.0,135.0,134.0,135.0,134.0,137.0,134.0,134.0,136.0,135.0,134.0,134.0,134.0,138.0,137.0,135.0,134.0,134.0,134.0,134.0,134.0,136.0,136.0,136.0,134.0,135.0,134.0,134.0,137.0,137.0,134.0,134.0,134.0,134.0,134.0,137.0,134.0,135.0,137.0,135.0,134.0,136.0,133.0,135.0,135.0,134.0,134.0,136.0,137.0,134.0,130.0,134.0,134.0,134.0,121.0,125.0,133.0,135.0,121.0,122.0,122.0,133.0,Poland (PKO BP Ekstraklasa),0.08838834764831845
82.0,64.0,98.0,100.0,96.0,93.0,85.0,101.0,105.0,101.0,106.0,104.0,105.0,100.0,101.0,100.0,98.0,91.0,101.0,87.0,104.0,98.0,105.0,101.0,96.0,107.0,99.0,105.0,100.0,104.0,95.0,96.0,91.0,94.0,92.0,103.0,103.0,104.0,100.0,101.0,104.0,104.0,106.0,104.0,99.0,101.0,99.0,99.0,93.0,97.0,102.0,100.0,101.0,102.0,106.0,102.0,114.0,100.0,77.0,101.0,115.0,106.0,105.0,100.0,115.0,99.0,99.0,132.0,France (National),0.08246924442330589
132.0,86.0,132.0,132.0,133.0,141.0,135.0,133.0,132.0,133.0,132.0,132.0,133.0,133.0,132.0,132.0,132.0,130.0,130.0,132.0,133.0,133.0,133.0,133.0,130.0,132.0,132.0,133.0,133.0,132.0,132.0,124.0,130.0,130.0,132.0,132.0,132.0,132.0,132.0,129.0,133.0,132.0,132.0,133.0,133.0,132.0,132.0,133.0,128.0,132.0,132.0,133.0,133.0,132.0,131.0,133.0,131.0,132.0,133.0,132.0,138.0,140.0,110.0,106.0,138.0,144.0,144.0,131.0,Argentina (Premier Division),0.07694652583405726
140.0,110.0,136.0,136.0,135.0,146.0,143.0,138.0,137.0,134.0,136.0,135.0,137.0,135.0,137.0,136.0,136.0,136.0,136.0,133.0,134.0,137.0,137.0,136.0,137.0,135.0,135.0,137.0,137.0,137.0,137.0,136.0,138.0,140.0,134.0,135.0,139.0,136.0,136.0,135.0,137.0,134.0,137.0,136.0,135.0,139.0,138.0,134.0,136.0,139.0,137.0,135.0,135.0,134.0,134.0,136.0,134.0,136.0,89.0,136.0,141.0,141.0,93.0,93.0,141.0,145.0,145.0,130.0,Switzerland (Super League),0.0717936471873147
148.0,150.0,142.0,142.0,142.0,117.0,138.0,142.0,143.0,142.0,140.0,142.0,143.0,143.0,144.0,139.0,143.0,143.0,142.0,141.0,142.0,142.0,143.0,142.0,145.0,142.0,142.0,142.0,141.0,144.0,143.0,144.0,142.0,143.0,145.0,142.0,141.0,144.0,143.0,143.0,141.0,141.0,143.0,142.0,144.0,143.0,142.0,142.0,143.0,142.0,143.0,143.0,144.0,140.0,144.0,142.0,143.0,142.0,163.0,142.0,124.0,120.0,153.0,160.0,124.0,129.0,129.0,129.0,Russia (First Division),0.06698584140851832
84.0,71.0,81.0,81.0,81.0,69.0,74.0,82.0,84.0,89.0,80.0,93.0,85.0,81.0,82.0,77.0,81.0,84.0,80.0,88.0,87.0,73.0,91.0,81.0,81.0,82.0,83.0,85.0,83.0,79.0,77.0,78.0,79.0,86.0,87.0,78.0,92.0,87.0,92.0,78.0,85.0,87.0,83.0,79.0,76.0,70.0,80.0,87.0,74.0,75.0,80.0,87.0,81.0,84.0,86.0,82.0,85.0,82.0,45.0,82.0,109.0,99.0,37.0,37.0,109.0,89.0,89.0,128.0,Germany (Regional Div. Southwest),0.0625
31.0,76.0,74.0,70.0,70.0,49.0,66.0,73.0,73.0,74.0,76.0,85.0,76.0,72.0,66.0,74.0,74.0,75.0,79.0,68.0,66.0,84.0,72.0,76.0,70.0,73.0,77.0,70.0,81.0,77.0,67.0,65.0,70.0,78.0,67.0,73.0,78.0,75.0,83.0,55.0,77.0,73.0,69.0,82.0,73.0,71.0,76.0,69.0,81.0,76.0,71.0,74.0,70.0,66.0,68.0,71.0,77.0,68.0,72.0,72.0,104.0,97.0,10.0,10.0,104.0,49.0,49.0,127.0,Brazil (Fourth Division),0.05831456197105048
69.0,116.0,72.0,74.0,67.0,48.0,73.0,67.0,67.0,62.0,71.0,75.0,68.0,66.0,74.0,66.0,69.0,81.0,75.0,67.0,71.0,71.0,74.0,75.0,69.0,67.0,71.0,72.0,71.0,66.0,61.0,57.0,69.0,82.0,80.0,67.0,53.0,66.0,59.0,75.0,71.0,57.0,72.0,72.0,72.0,68.0,72.0,75.0,72.0,61.0,68.0,60.0,69.0,68.0,62.0,73.0,80.0,67.0,6.0,74.0,103.0,96.0,5.0,5.0,103.0,52.0,52.0,126.0,Austria (First Division),0.05440941020600775
86.0,102.0,115.0,115.0,113.0,101.0,107.0,113.0,119.0,112.0,120.0,126.0,114.0,121.0,120.0,110.0,111.0,123.0,111.0,120.0,116.0,117.0,115.0,113.0,117.0,109.0,115.0,112.0,128.0,114.0,119.0,108.0,119.0,116.0,120.0,115.0,113.0,113.0,113.0,102.0,115.0,126.0,120.0,115.0,110.0,115.0,122.0,125.0,123.0,118.0,114.0,119.0,115.0,113.0,124.0,112.0,113.0,117.0,43.0,114.0,110.0,105.0,38.0,38.0,110.0,104.0,104.0,125.0,Germany (Regional Div. West),0.050765774772264724
125.0,107.0,110.0,110.0,112.0,118.0,108.0,111.0,111.0,109.0,108.0,103.0,109.0,108.0,112.0,113.0,110.0,109.0,109.0,111.0,125.0,116.0,109.0,114.0,124.0,110.0,109.0,119.0,104.0,106.0,115.0,117.0,113.0,119.0,105.0,108.0,102.0,109.0,110.0,126.0,102.0,110.0,110.0,101.0,107.0,108.0,111.0,118.0,113.0,108.0,111.0,111.0,110.0,108.0,109.0,110.0,102.0,110.0,129.0,111.0,116.0,110.0,128.0,138.0,116.0,114.0,114.0,124.0,Czech Republic (First Division),0.04736614270344993
157.0,163.0,155.0,155.0,155.0,151.0,155.0,155.0,155.0,155.0,155.0,156.0,155.0,155.0,155.0,155.0,155.0,155.0,156.0,155.0,155.0,157.0,155.0,156.0,156.0,155.0,156.0,155.0,156.0,155.0,155.0,155.0,155.0,155.0,155.0,156.0,156.0,155.0,155.0,155.0,155.0,155.0,155.0,155.0,156.0,155.0,155.0,156.0,155.0,155.0,155.0,155.0,156.0,156.0,155.0,156.0,156.0,155.0,155.0,155.0,149.0,151.0,164.0,165.0,149.0,153.0,153.0,123.0,Greece (Super League),0.04419417382415922
117.0,81.0,101.0,101.0,103.0,129.0,90.0,107.0,104.0,106.0,109.0,117.0,106.0,106.0,107.0,101.0,106.0,105.0,105.0,104.0,105.0,108.0,107.0,106.0,76.0,106.0,101.0,106.0,114.0,107.0,103.0,105.0,103.0,103.0,104.0,105.0,108.0,103.0,107.0,111.0,109.0,106.0,105.0,105.0,102.0,106.0,106.0,108.0,106.0,104.0,105.0,107.0,106.0,101.0,95.0,103.0,91.0,103.0,102.0,100.0,118.0,114.0,137.0,147.0,118.0,119.0,119.0,122.0,Romania (Casa Liga I),0.04123462221165296
123.0,131.0,126.0,126.0,121.0,99.0,83.0,122.0,121.0,126.0,121.0,120.0,123.0,120.0,121.0,119.0,122.0,116.0,127.0,124.0,120.0,110.0,119.0,120.0,122.0,124.0,123.0,123.0,119.0,124.0,127.0,115.0,124.0,127.0,114.0,121.0,118.0,123.0,122.0,127.0,124.0,123.0,121.0,116.0,116.0,122.0,119.0,123.0,118.0,122.0,118.0,121.0,123.0,117.0,111.0,122.0,120.0,127.0,127.0,125.0,108.0,103.0,106.0,124.0,108.0,101.0,101.0,121.0,Slovakia (First Division),0.03847326291702863
83.0,100.0,95.0,93.0,89.0,78.0,86.0,90.0,94.0,92.0,90.0,86.0,91.0,96.0,91.0,96.0,93.0,83.0,100.0,86.0,100.0,85.0,86.0,89.0,93.0,91.0,96.0,92.0,77.0,103.0,101.0,95.0,92.0,98.0,98.0,94.0,86.0,94.0,98.0,91.0,91.0,89.0,93.0,90.0,92.0,94.0,89.0,92.0,99.0,95.0,89.0,96.0,91.0,97.0,80.0,88.0,106.0,93.0,42.0,97.0,100.0,95.0,24.0,24.0,100.0,82.0,82.0,120.0,France (National 2 - A),0.03589682359365735
108.0,128.0,109.0,108.0,104.0,87.0,94.0,106.0,107.0,107.0,107.0,110.0,107.0,109.0,113.0,111.0,107.0,101.0,114.0,103.0,113.0,105.0,106.0,107.0,109.0,103.0,108.0,115.0,113.0,96.0,110.0,100.0,109.0,109.0,107.0,98.0,107.0,102.0,101.0,116.0,99.0,108.0,107.0,99.0,95.0,112.0,108.0,113.0,95.0,107.0,110.0,104.0,107.0,110.0,94.0,107.0,107.0,108.0,86.0,109.0,96.0,92.0,46.0,46.0,96.0,71.0,71.0,119.0,Italy (Serie C/A),0.03349292070425915
143.0,152.0,144.0,143.0,144.0,114.0,124.0,144.0,144.0,146.0,145.0,144.0,144.0,144.0,142.0,145.0,145.0,146.0,144.0,145.0,144.0,145.0,144.0,143.0,143.0,146.0,144.0,143.0,144.0,142.0,145.0,145.0,143.0,145.0,144.0,143.0,144.0,142.0,146.0,142.0,145.0,144.0,142.0,143.0,146.0,144.0,144.0,145.0,145.0,145.0,145.0,144.0,142.0,142.0,141.0,143.0,142.0,144.0,131.0,144.0,114.0,107.0,76.0,76.0,114.0,116.0,116.0,118.0,Scotland (Ladbrokes Championship),0.03125
63.0,57.0,99.0,98.0,94.0,103.0,99.0,102.0,106.0,102.0,103.0,109.0,102.0,103.0,105.0,99.0,101.0,99.0,102.0,105.0,102.0,102.0,104.0,105.0,103.0,101.0,100.0,102.0,103.0,99.0,102.0,104.0,96.0,96.0,101.0,107.0,98.0,106.0,95.0,92.0,107.0,103.0,103.0,108.0,109.0,103.0,102.0,105.0,94.0,103.0,101.0,103.0,104.0,92.0,102.0,104.0,116.0,101.0,53.0,99.0,123.0,124.0,30.0,30.0,123.0,132.0,132.0,117.0,France (Reserves Group 3),0.02915728098552524
142.0,151.0,139.0,139.0,137.0,106.0,118.0,134.0,135.0,136.0,137.0,141.0,135.0,136.0,134.0,134.0,135.0,139.0,139.0,139.0,135.0,136.0,138.0,138.0,139.0,137.0,138.0,135.0,134.0,134.0,135.0,138.0,135.0,135.0,139.0,134.0,136.0,139.0,137.0,139.0,135.0,139.0,139.0,137.0,136.0,134.0,135.0,137.0,138.0,134.0,134.0,136.0,136.0,139.0,138.0,138.0,139.0,139.0,106.0,137.0,106.0,104.0,19.0,19.0,106.0,111.0,111.0,116.0,Denmark (NordicBet Liga),0.027204705103003875
23.0,70.0,83.0,82.0,75.0,90.0,68.0,86.0,86.0,87.0,91.0,69.0,89.0,83.0,87.0,81.0,84.0,64.0,103.0,75.0,82.0,94.0,87.0,83.0,85.0,86.0,89.0,87.0,78.0,85.0,75.0,99.0,83.0,84.0,73.0,95.0,77.0,83.0,78.0,86.0,92.0,88.0,88.0,93.0,94.0,89.0,83.0,76.0,86.0,82.0,86.0,83.0,84.0,74.0,98.0,84.0,108.0,80.0,54.0,87.0,94.0,90.0,25.0,25.0,94.0,75.0,75.0,115.0,France (National 2 - B),0.025382887386132362
91.0,118.0,102.0,105.0,99.0,82.0,75.0,96.0,100.0,94.0,95.0,107.0,99.0,93.0,97.0,94.0,94.0,94.0,81.0,101.0,95.0,92.0,99.0,103.0,104.0,99.0,102.0,90.0,95.0,100.0,107.0,106.0,102.0,101.0,109.0,99.0,87.0,107.0,103.0,104.0,100.0,99.0,102.0,89.0,96.0,98.0,103.0,106.0,96.0,96.0,88.0,101.0,99.0,100.0,99.0,106.0,117.0,104.0,81.0,103.0,93.0,86.0,108.0,102.0,93.0,61.0,61.0,114.0,Spain (Second Division B2),0.023683071351724965
90.0,58.0,69.0,69.0,69.0,52.0,54.0,69.0,74.0,71.0,65.0,82.0,66.0,74.0,68.0,68.0,71.0,71.0,74.0,85.0,67.0,81.0,67.0,73.0,77.0,71.0,63.0,65.0,74.0,71.0,71.0,68.0,68.0,71.0,69.0,68.0,68.0,71.0,80.0,73.0,72.0,69.0,68.0,66.0,67.0,72.0,73.0,66.0,89.0,81.0,73.0,72.0,73.0,71.0,71.0,70.0,81.0,74.0,108.0,69.0,91.0,85.0,70.0,70.0,91.0,59.0,59.0,113.0,Russia (Second Div. - Ural/Volga),0.02209708691207961
112.0,87.0,92.0,91.0,93.0,92.0,102.0,93.0,93.0,99.0,88.0,98.0,86.0,92.0,98.0,92.0,100.0,107.0,94.0,79.0,94.0,77.0,90.0,94.0,91.0,94.0,94.0,98.0,101.0,86.0,93.0,94.0,90.0,92.0,96.0,83.0,91.0,90.0,85.0,95.0,93.0,100.0,89.0,92.0,90.0,88.0,93.0,91.0,80.0,87.0,93.0,90.0,92.0,91.0,91.0,94.0,96.0,90.0,51.0,92.0,98.0,94.0,2.0,2.0,98.0,95.0,95.0,112.0,Australia (Hyundai A-League),0.02061731110582648
153.0,143.0,152.0,152.0,153.0,154.0,153.0,153.0,152.0,152.0,153.0,151.0,153.0,152.0,153.0,153.0,153.0,152.0,153.0,152.0,153.0,153.0,153.0,153.0,153.0,153.0,152.0,153.0,153.0,153.0,153.0,152.0,150.0,152.0,152.0,152.0,153.0,152.0,153.0,152.0,153.0,153.0,152.0,153.0,153.0,153.0,153.0,152.0,152.0,153.0,152.0,153.0,152.0,153.0,152.0,152.0,151.0,152.0,150.0,152.0,152.0,153.0,161.0,155.0,152.0,156.0,156.0,111.0,Spain (Second Division),0.019236631458514314
12.0,1.0,27.0,20.0,1.0,37.0,32.0,13.0,52.0,19.0,30.0,9.0,20.0,21.0,45.0,18.0,10.0,10.0,8.0,45.0,20.0,9.0,21.0,15.0,9.0,9.0,3.0,9.0,52.0,22.0,34.0,27.0,20.0,18.0,59.0,8.0,8.0,51.0,5.0,27.0,22.0,50.0,45.0,35.0,33.0,22.0,20.0,42.0,8.0,24.0,5.0,37.0,42.0,49.0,9.0,7.0,49.0,25.0,26.0,26.0,86.0,75.0,52.0,52.0,86.0,13.0,13.0,110.0,Mexico (Promotion League),0.017948411796828673
103.0,84.0,80.0,79.0,85.0,70.0,97.0,84.0,83.0,90.0,86.0,89.0,75.0,91.0,88.0,82.0,86.0,86.0,88.0,93.0,89.0,83.0,81.0,85.0,99.0,87.0,85.0,81.0,75.0,87.0,87.0,69.0,84.0,80.0,77.0,79.0,93.0,76.0,88.0,81.0,83.0,91.0,87.0,75.0,68.0,93.0,84.0,88.0,84.0,91.0,91.0,84.0,87.0,82.0,96.0,83.0,84.0,86.0,56.0,80.0,90.0,89.0,73.0,73.0,90.0,85.0,85.0,109.0,Russia (Second Division - West),0.016746460352129577
16.0,18.0,21.0,42.0,50.0,7.0,7.0,45.0,37.0,54.0,24.0,42.0,27.0,31.0,36.0,50.0,50.0,46.0,9.0,22.0,21.0,58.0,29.0,7.0,45.0,51.0,24.0,6.0,15.0,45.0,17.0,29.0,48.0,53.0,49.0,33.0,23.0,23.0,55.0,59.0,16.0,13.0,21.0,36.0,26.0,41.0,44.0,45.0,45.0,54.0,44.0,51.0,21.0,56.0,49.0,18.0,44.0,29.0,10.0,34.0,83.0,70.0,55.0,55.0,83.0,14.0,14.0,108.0,Norway,0.015625
67.0,85.0,73.0,68.0,66.0,47.0,58.0,66.0,76.0,68.0,66.0,72.0,72.0,68.0,71.0,67.0,65.0,74.0,57.0,66.0,70.0,72.0,71.0,71.0,73.0,69.0,81.0,71.0,65.0,72.0,73.0,75.0,74.0,68.0,78.0,70.0,73.0,73.0,68.0,88.0,70.0,59.0,71.0,74.0,80.0,75.0,71.0,63.0,77.0,68.0,69.0,69.0,68.0,79.0,73.0,69.0,83.0,76.0,55.0,75.0,89.0,81.0,91.0,91.0,89.0,64.0,64.0,107.0,Switzerland (First League Group 1),0.01457864049276262
47.0,15.0,16.0,22.0,3.0,54.0,51.0,23.0,39.0,8.0,12.0,25.0,23.0,9.0,24.0,31.0,40.0,44.0,6.0,20.0,4.0,8.0,27.0,12.0,7.0,12.0,33.0,5.0,2.0,6.0,9.0,9.0,3.0,5.0,9.0,16.0,32.0,43.0,32.0,25.0,26.0,20.0,15.0,34.0,18.0,1.0,14.0,5.0,27.0,15.0,27.0,10.0,34.0,22.0,45.0,16.0,35.0,21.0,12.0,3.0,82.0,69.0,45.0,45.0,82.0,36.0,36.0,106.0,Israel (National League),0.013602352551501938
111.0,63.0,91.0,92.0,95.0,98.0,103.0,98.0,96.0,97.0,98.0,81.0,94.0,99.0,85.0,103.0,97.0,89.0,84.0,80.0,98.0,97.0,96.0,93.0,102.0,100.0,87.0,91.0,102.0,102.0,100.0,81.0,94.0,100.0,100.0,96.0,96.0,98.0,104.0,98.0,103.0,96.0,96.0,106.0,105.0,100.0,97.0,97.0,103.0,98.0,100.0,98.0,98.0,94.0,100.0,93.0,92.0,92.0,82.0,90.0,95.0,101.0,129.0,134.0,95.0,105.0,105.0,105.0,Colombia (First Division),0.012691443693066181
149.0,159.0,145.0,145.0,146.0,123.0,100.0,140.0,142.0,143.0,142.0,145.0,140.0,141.0,146.0,143.0,141.0,145.0,145.0,146.0,145.0,134.0,142.0,145.0,142.0,140.0,146.0,144.0,142.0,141.0,142.0,146.0,144.0,141.0,146.0,139.0,137.0,143.0,140.0,146.0,140.0,142.0,145.0,140.0,140.0,142.0,141.0,146.0,144.0,140.0,140.0,142.0,146.0,144.0,146.0,145.0,141.0,146.0,167.0,145.0,102.0,98.0,154.0,157.0,102.0,112.0,112.0,104.0,Ukraine (First League),0.011841535675862483
126.0,104.0,116.0,111.0,120.0,116.0,127.0,121.0,118.0,116.0,122.0,124.0,120.0,118.0,117.0,124.0,123.0,115.0,123.0,112.0,119.0,120.0,122.0,121.0,112.0,120.0,114.0,113.0,120.0,115.0,122.0,114.0,116.0,114.0,121.0,122.0,117.0,118.0,114.0,120.0,121.0,122.0,112.0,121.0,125.0,116.0,121.0,126.0,119.0,121.0,120.0,118.0,116.0,123.0,125.0,118.0,112.0,119.0,101.0,119.0,101.0,102.0,124.0,131.0,101.0,113.0,113.0,103.0,Israel (Premier League),0.011048543456039806
46.0,17.0,28.0,37.0,38.0,120.0,119.0,47.0,36.0,20.0,31.0,10.0,36.0,23.0,12.0,46.0,34.0,12.0,47.0,9.0,5.0,57.0,28.0,46.0,44.0,32.0,34.0,29.0,38.0,23.0,10.0,45.0,46.0,49.0,26.0,53.0,44.0,22.0,50.0,9.0,39.0,29.0,20.0,32.0,50.0,46.0,28.0,44.0,9.0,37.0,41.0,38.0,43.0,7.0,10.0,45.0,36.0,27.0,68.0,27.0,87.0,76.0,54.0,54.0,87.0,77.0,77.0,102.0,Morocco (Premier Division),0.01030865555291324
68.0,105.0,82.0,83.0,87.0,75.0,65.0,87.0,82.0,86.0,85.0,88.0,87.0,87.0,79.0,86.0,92.0,102.0,90.0,76.0,84.0,86.0,89.0,82.0,71.0,90.0,86.0,78.0,94.0,81.0,92.0,82.0,86.0,77.0,75.0,90.0,82.0,84.0,87.0,80.0,88.0,84.0,82.0,88.0,89.0,90.0,90.0,72.0,88.0,78.0,90.0,92.0,83.0,75.0,87.0,80.0,82.0,84.0,74.0,83.0,79.0,77.0,56.0,56.0,79.0,66.0,66.0,101.0,Norway (First Division),0.009618315729257157
7.0,93.0,20.0,7.0,10.0,20.0,18.0,2.0,2.0,2.0,10.0,39.0,14.0,2.0,1.0,1.0,25.0,8.0,32.0,7.0,1.0,25.0,2.0,6.0,40.0,25.0,53.0,2.0,3.0,4.0,21.0,25.0,26.0,43.0,25.0,11.0,15.0,5.0,49.0,8.0,28.0,14.0,1.0,11.0,9.0,4.0,51.0,20.0,43.0,5.0,7.0,11.0,1.0,48.0,46.0,38.0,40.0,23.0,13.0,48.0,73.0,60.0,49.0,49.0,73.0,5.0,5.0,100.0,Italy (Serie D Grp. D),0.008974205898414337
96.0,41.0,67.0,71.0,79.0,95.0,77.0,79.0,77.0,77.0,79.0,76.0,79.0,77.0,73.0,75.0,77.0,63.0,71.0,69.0,72.0,89.0,75.0,70.0,79.0,78.0,73.0,74.0,60.0,78.0,85.0,83.0,72.0,70.0,68.0,85.0,88.0,77.0,75.0,56.0,78.0,71.0,78.0,78.0,78.0,78.0,78.0,59.0,73.0,83.0,76.0,76.0,76.0,83.0,69.0,74.0,61.0,69.0,79.0,67.0,84.0,79.0,121.0,112.0,84.0,87.0,87.0,99.0,Chile (First Division),0.008373230176064788
55.0,26.0,58.0,63.0,59.0,80.0,98.0,63.0,66.0,65.0,62.0,60.0,62.0,65.0,69.0,65.0,67.0,66.0,70.0,61.0,69.0,69.0,62.0,57.0,67.0,65.0,62.0,69.0,84.0,54.0,59.0,53.0,64.0,59.0,63.0,59.0,48.0,59.0,41.0,64.0,60.0,68.0,60.0,63.0,52.0,62.0,64.0,26.0,51.0,59.0,64.0,62.0,61.0,63.0,56.0,59.0,57.0,63.0,61.0,58.0,81.0,83.0,84.0,84.0,81.0,84.0,84.0,98.0,Spain (Third Division Group 10),0.0078125
72.0,137.0,112.0,113.0,118.0,86.0,96.0,112.0,110.0,115.0,114.0,114.0,122.0,112.0,114.0,106.0,109.0,125.0,124.0,115.0,110.0,113.0,111.0,123.0,110.0,112.0,118.0,117.0,121.0,110.0,114.0,110.0,110.0,107.0,113.0,116.0,119.0,112.0,108.0,107.0,112.0,120.0,122.0,124.0,117.0,117.0,114.0,112.0,112.0,113.0,107.0,115.0,120.0,115.0,118.0,124.0,122.0,111.0,85.0,110.0,78.0,73.0,9.0,9.0,78.0,73.0,73.0,97.0,Belgium (First Division),0.00728932024638131
36.0,34.0,59.0,62.0,60.0,77.0,120.0,62.0,63.0,67.0,60.0,31.0,59.0,64.0,65.0,60.0,63.0,54.0,56.0,62.0,63.0,59.0,65.0,58.0,60.0,60.0,57.0,66.0,57.0,63.0,60.0,55.0,58.0,56.0,55.0,66.0,62.0,57.0,58.0,65.0,64.0,70.0,66.0,69.0,65.0,56.0,60.0,68.0,76.0,64.0,60.0,56.0,63.0,58.0,67.0,64.0,63.0,64.0,47.0,60.0,74.0,64.0,87.0,87.0,74.0,62.0,62.0,96.0,Spain (Third Division Group 9),0.006801176275750969
133.0,142.0,128.0,128.0,128.0,76.0,80.0,124.0,125.0,128.0,125.0,130.0,128.0,126.0,124.0,129.0,128.0,129.0,116.0,130.0,126.0,128.0,126.0,128.0,131.0,127.0,126.0,128.0,122.0,125.0,125.0,125.0,129.0,128.0,129.0,125.0,125.0,124.0,128.0,131.0,126.0,128.0,126.0,126.0,123.0,128.0,128.0,128.0,131.0,127.0,127.0,128.0,127.0,127.0,128.0,127.0,129.0,129.0,146.0,128.0,88.0,80.0,138.0,144.0,88.0,96.0,96.0,95.0,Greece (Super League 2),0.0063457218465330905
64.0,98.0,105.0,104.0,106.0,65.0,78.0,100.0,102.0,105.0,96.0,96.0,104.0,105.0,108.0,105.0,103.0,112.0,108.0,108.0,108.0,112.0,101.0,102.0,115.0,102.0,104.0,109.0,105.0,97.0,97.0,90.0,105.0,106.0,94.0,100.0,100.0,97.0,96.0,103.0,98.0,105.0,101.0,98.0,100.0,105.0,101.0,100.0,105.0,106.0,104.0,105.0,97.0,106.0,107.0,100.0,104.0,102.0,105.0,102.0,75.0,72.0,65.0,65.0,75.0,69.0,69.0,94.0,Portugal (PT Championship B),0.005920767837931241
17.0,37.0,49.0,50.0,8.0,33.0,35.0,16.0,23.0,31.0,19.0,16.0,6.0,36.0,26.0,41.0,29.0,2.0,23.0,1.0,47.0,30.0,6.0,19.0,19.0,4.0,19.0,27.0,43.0,10.0,7.0,37.0,54.0,27.0,35.0,39.0,5.0,8.0,2.0,40.0,4.0,17.0,6.0,8.0,15.0,17.0,11.0,15.0,39.0,12.0,36.0,8.0,7.0,6.0,21.0,34.0,31.0,4.0,1.0,50.0,64.0,66.0,6.0,6.0,64.0,29.0,29.0,93.0,Austria (Regional Division East),0.005524271728019903
8.0,21.0,18.0,40.0,9.0,43.0,45.0,29.0,33.0,34.0,23.0,22.0,19.0,51.0,21.0,30.0,39.0,39.0,60.0,6.0,12.0,47.0,13.0,44.0,4.0,24.0,41.0,22.0,49.0,21.0,14.0,41.0,30.0,24.0,6.0,24.0,14.0,16.0,20.0,44.0,21.0,37.0,12.0,21.0,17.0,19.0,26.0,34.0,5.0,40.0,50.0,17.0,32.0,35.0,24.0,25.0,30.0,15.0,5.0,31.0,61.0,53.0,36.0,36.0,61.0,19.0,19.0,92.0,Germany (Regional Div. Northeast),0.00515432777645662
56.0,36.0,53.0,53.0,58.0,42.0,55.0,61.0,62.0,57.0,63.0,62.0,60.0,60.0,56.0,53.0,53.0,58.0,69.0,64.0,28.0,51.0,63.0,61.0,63.0,55.0,52.0,44.0,61.0,60.0,72.0,44.0,27.0,37.0,58.0,65.0,66.0,61.0,64.0,58.0,68.0,61.0,56.0,73.0,66.0,65.0,58.0,41.0,69.0,62.0,54.0,63.0,66.0,44.0,76.0,65.0,58.0,56.0,49.0,57.0,63.0,54.0,51.0,51.0,63.0,39.0,39.0,91.0,Luxembourg (National Division),0.0048091578646285785
73.0,53.0,68.0,67.0,72.0,108.0,95.0,80.0,75.0,78.0,81.0,58.0,81.0,86.0,75.0,69.0,79.0,79.0,45.0,72.0,77.0,88.0,80.0,72.0,41.0,81.0,79.0,77.0,87.0,84.0,68.0,67.0,71.0,69.0,88.0,82.0,85.0,79.0,81.0,72.0,81.0,79.0,77.0,85.0,81.0,82.0,82.0,39.0,55.0,85.0,75.0,79.0,78.0,77.0,81.0,76.0,78.0,72.0,52.0,68.0,80.0,68.0,50.0,50.0,80.0,92.0,92.0,90.0,Japan (Nihon-League 1),0.004487102949207168
21.0,72.0,61.0,59.0,63.0,61.0,59.0,60.0,57.0,56.0,67.0,70.0,63.0,56.0,35.0,38.0,68.0,57.0,67.0,71.0,52.0,43.0,58.0,63.0,25.0,59.0,54.0,58.0,66.0,62.0,64.0,66.0,61.0,58.0,40.0,61.0,79.0,60.0,60.0,67.0,61.0,63.0,65.0,59.0,55.0,55.0,59.0,65.0,64.0,51.0,55.0,55.0,60.0,64.0,63.0,55.0,43.0,54.0,41.0,56.0,65.0,59.0,32.0,32.0,65.0,58.0,58.0,89.0,Germany (Baden-WÃ¼rttemberg),0.004186615088032394
104.0,115.0,78.0,78.0,86.0,58.0,70.0,77.0,79.0,80.0,82.0,83.0,83.0,88.0,84.0,72.0,85.0,93.0,87.0,89.0,80.0,75.0,82.0,84.0,98.0,85.0,75.0,82.0,92.0,82.0,86.0,91.0,77.0,79.0,76.0,87.0,75.0,81.0,84.0,76.0,86.0,85.0,81.0,84.0,86.0,85.0,88.0,78.0,90.0,88.0,85.0,81.0,85.0,86.0,65.0,81.0,89.0,85.0,118.0,78.0,67.0,58.0,71.0,71.0,67.0,65.0,65.0,88.0,Russia (Second Division - Central),0.00390625
89.0,108.0,89.0,89.0,80.0,56.0,49.0,83.0,80.0,83.0,64.0,67.0,73.0,82.0,86.0,91.0,83.0,76.0,85.0,81.0,88.0,63.0,73.0,79.0,80.0,75.0,80.0,89.0,82.0,74.0,81.0,84.0,95.0,90.0,85.0,84.0,74.0,68.0,70.0,85.0,66.0,77.0,79.0,65.0,79.0,81.0,74.0,86.0,82.0,93.0,78.0,86.0,79.0,96.0,85.0,79.0,93.0,78.0,145.0,89.0,59.0,51.0,16.0,16.0,59.0,30.0,30.0,87.0,Croatia (Second League),0.003644660123190655
15.0,66.0,47.0,35.0,11.0,10.0,13.0,7.0,7.0,3.0,3.0,59.0,9.0,44.0,29.0,9.0,1.0,47.0,48.0,46.0,57.0,3.0,9.0,4.0,46.0,1.0,25.0,53.0,10.0,12.0,48.0,30.0,21.0,34.0,28.0,1.0,2.0,2.0,7.0,10.0,1.0,38.0,51.0,2.0,4.0,29.0,5.0,7.0,10.0,16.0,10.0,1.0,22.0,23.0,29.0,1.0,64.0,30.0,9.0,46.0,55.0,45.0,58.0,58.0,55.0,6.0,6.0,86.0,Norway (Third Division Group 3),0.0034005881378754866
6.0,20.0,36.0,28.0,12.0,34.0,21.0,28.0,34.0,21.0,45.0,44.0,37.0,53.0,5.0,26.0,41.0,25.0,33.0,10.0,22.0,48.0,39.0,8.0,10.0,17.0,4.0,10.0,17.0,25.0,26.0,59.0,28.0,26.0,11.0,44.0,40.0,39.0,33.0,49.0,36.0,39.0,33.0,37.0,35.0,47.0,29.0,46.0,46.0,28.0,28.0,20.0,24.0,15.0,30.0,12.0,25.0,32.0,11.0,35.0,54.0,46.0,61.0,61.0,54.0,23.0,23.0,85.0,Poland (Third Division Group 1),0.0031728609232665435
109.0,123.0,97.0,94.0,88.0,57.0,57.0,88.0,89.0,91.0,87.0,100.0,88.0,84.0,94.0,88.0,89.0,87.0,106.0,97.0,91.0,90.0,95.0,95.0,97.0,83.0,90.0,103.0,76.0,91.0,89.0,101.0,97.0,89.0,102.0,74.0,89.0,85.0,82.0,105.0,84.0,72.0,90.0,86.0,77.0,87.0,85.0,101.0,97.0,79.0,77.0,89.0,93.0,88.0,83.0,92.0,109.0,95.0,58.0,95.0,71.0,65.0,88.0,88.0,71.0,81.0,81.0,84.0,Sweden (First Division Elite),0.0029603839189656206
53.0,35.0,63.0,61.0,54.0,36.0,27.0,56.0,65.0,58.0,58.0,43.0,56.0,61.0,62.0,62.0,59.0,70.0,49.0,65.0,60.0,40.0,66.0,53.0,57.0,58.0,58.0,62.0,62.0,67.0,54.0,58.0,62.0,66.0,60.0,62.0,61.0,54.0,66.0,61.0,65.0,54.0,54.0,64.0,63.0,61.0,61.0,61.0,31.0,57.0,56.0,58.0,54.0,60.0,50.0,53.0,75.0,57.0,123.0,62.0,56.0,62.0,60.0,60.0,56.0,46.0,46.0,83.0,Poland (Fourth Division),0.0027621358640099515
119.0,120.0,104.0,99.0,98.0,62.0,82.0,94.0,97.0,100.0,93.0,102.0,97.0,95.0,99.0,93.0,99.0,108.0,107.0,100.0,97.0,104.0,94.0,99.0,95.0,93.0,95.0,100.0,91.0,93.0,105.0,103.0,101.0,93.0,84.0,91.0,97.0,105.0,97.0,100.0,87.0,97.0,104.0,100.0,97.0,95.0,98.0,104.0,98.0,94.0,96.0,95.0,94.0,99.0,105.0,96.0,111.0,98.0,110.0,105.0,66.0,63.0,7.0,7.0,66.0,79.0,79.0,82.0,Belarus (Highest League),0.00257716388822831
74.0,67.0,60.0,54.0,56.0,35.0,42.0,54.0,58.0,53.0,54.0,63.0,52.0,41.0,58.0,34.0,14.0,28.0,64.0,59.0,65.0,18.0,55.0,56.0,64.0,44.0,55.0,68.0,6.0,35.0,62.0,60.0,31.0,62.0,61.0,27.0,57.0,55.0,51.0,32.0,24.0,65.0,62.0,12.0,46.0,58.0,45.0,73.0,57.0,53.0,45.0,48.0,57.0,53.0,60.0,60.0,72.0,59.0,88.0,59.0,52.0,41.0,72.0,72.0,52.0,42.0,42.0,81.0,Russia (Second Division - South),0.002404578932314291
44.0,24.0,42.0,45.0,19.0,27.0,16.0,18.0,31.0,23.0,1.0,13.0,1.0,6.0,40.0,28.0,16.0,17.0,15.0,11.0,36.0,4.0,3.0,26.0,14.0,8.0,50.0,56.0,32.0,2.0,50.0,33.0,15.0,51.0,16.0,2.0,3.0,1.0,9.0,14.0,3.0,3.0,48.0,3.0,1.0,8.0,10.0,10.0,15.0,25.0,12.0,32.0,14.0,4.0,34.0,30.0,24.0,41.0,109.0,44.0,45.0,35.0,79.0,79.0,45.0,26.0,26.0,80.0,Slovenia (First League),0.002243551474603583
19.0,54.0,46.0,36.0,23.0,24.0,23.0,15.0,12.0,1.0,6.0,7.0,13.0,1.0,7.0,16.0,19.0,24.0,29.0,16.0,10.0,6.0,4.0,22.0,26.0,41.0,21.0,3.0,1.0,11.0,2.0,6.0,35.0,42.0,41.0,10.0,21.0,35.0,46.0,43.0,35.0,48.0,31.0,4.0,8.0,3.0,4.0,19.0,23.0,4.0,3.0,35.0,31.0,20.0,23.0,23.0,45.0,13.0,3.0,30.0,40.0,32.0,33.0,33.0,40.0,11.0,11.0,79.0,Germany (Bavaria North),0.002093307544016197
3.0,14.0,11.0,14.0,29.0,84.0,76.0,49.0,40.0,36.0,36.0,45.0,28.0,45.0,54.0,51.0,42.0,26.0,50.0,49.0,49.0,34.0,47.0,24.0,48.0,34.0,42.0,54.0,63.0,46.0,27.0,47.0,49.0,35.0,13.0,34.0,26.0,40.0,34.0,29.0,23.0,49.0,41.0,41.0,45.0,48.0,37.0,48.0,47.0,43.0,32.0,47.0,35.0,50.0,12.0,27.0,17.0,34.0,23.0,18.0,44.0,47.0,63.0,63.0,44.0,38.0,38.0,78.0,Portugal,0.001953125
71.0,88.0,55.0,57.0,55.0,53.0,24.0,55.0,56.0,64.0,57.0,57.0,67.0,59.0,67.0,49.0,58.0,65.0,62.0,19.0,68.0,68.0,68.0,54.0,61.0,53.0,69.0,64.0,27.0,69.0,65.0,43.0,60.0,33.0,46.0,86.0,10.0,67.0,54.0,46.0,11.0,45.0,53.0,46.0,69.0,57.0,55.0,71.0,68.0,46.0,58.0,61.0,53.0,54.0,44.0,54.0,74.0,55.0,30.0,66.0,42.0,33.0,100.0,105.0,42.0,34.0,34.0,77.0,Holland (Dutch Tweede Divisie),0.0018223300615953274
116.0,83.0,108.0,109.0,109.0,121.0,111.0,108.0,108.0,108.0,105.0,91.0,108.0,107.0,111.0,107.0,112.0,104.0,93.0,99.0,114.0,106.0,108.0,108.0,108.0,108.0,107.0,114.0,116.0,108.0,106.0,102.0,108.0,108.0,99.0,104.0,101.0,108.0,106.0,115.0,108.0,101.0,109.0,112.0,108.0,107.0,107.0,103.0,102.0,112.0,109.0,109.0,108.0,107.0,117.0,108.0,100.0,107.0,142.0,107.0,70.0,84.0,136.0,127.0,70.0,90.0,90.0,76.0,Argentina (Second Division),0.0017002940689377433
24.0,40.0,34.0,39.0,33.0,28.0,25.0,17.0,20.0,25.0,50.0,17.0,31.0,28.0,42.0,11.0,31.0,22.0,25.0,3.0,38.0,23.0,18.0,11.0,22.0,21.0,31.0,39.0,4.0,42.0,56.0,4.0,24.0,32.0,5.0,30.0,6.0,10.0,19.0,2.0,19.0,7.0,18.0,10.0,30.0,33.0,24.0,31.0,21.0,21.0,6.0,26.0,11.0,18.0,2.0,15.0,18.0,8.0,32.0,16.0,85.0,82.0,14.0,14.0,85.0,109.0,109.0,75.0,Colombia (Second Division),0.0015864304616332718
39.0,47.0,40.0,31.0,22.0,30.0,50.0,21.0,16.0,10.0,8.0,2.0,11.0,11.0,34.0,7.0,3.0,35.0,40.0,12.0,31.0,14.0,17.0,32.0,18.0,27.0,17.0,34.0,42.0,18.0,28.0,1.0,42.0,14.0,22.0,14.0,11.0,26.0,18.0,38.0,31.0,2.0,37.0,19.0,7.0,16.0,2.0,14.0,1.0,11.0,9.0,15.0,50.0,5.0,20.0,33.0,41.0,2.0,2.0,20.0,41.0,31.0,3.0,3.0,41.0,40.0,40.0,74.0,Australia (NPL - Victoria 3),0.0014801919594828103
18.0,29.0,1.0,2.0,32.0,64.0,60.0,37.0,28.0,24.0,38.0,1.0,50.0,35.0,9.0,22.0,28.0,20.0,1.0,37.0,25.0,22.0,24.0,31.0,1.0,38.0,7.0,17.0,24.0,31.0,6.0,19.0,1.0,1.0,1.0,50.0,37.0,7.0,17.0,1.0,46.0,47.0,52.0,43.0,43.0,26.0,41.0,1.0,38.0,8.0,53.0,53.0,29.0,8.0,39.0,32.0,47.0,1.0,119.0,2.0,35.0,25.0,1.0,1.0,35.0,10.0,10.0,73.0,Argentina (Metropolitan Zone),0.0013810679320049757
40.0,77.0,4.0,6.0,7.0,14.0,36.0,10.0,5.0,6.0,5.0,35.0,17.0,12.0,41.0,10.0,4.0,1.0,22.0,38.0,32.0,1.0,5.0,50.0,35.0,2.0,18.0,36.0,25.0,1.0,4.0,2.0,9.0,22.0,2.0,3.0,4.0,19.0,1.0,39.0,10.0,44.0,26.0,20.0,22.0,10.0,1.0,2.0,20.0,20.0,13.0,7.0,51.0,9.0,40.0,49.0,48.0,3.0,8.0,15.0,33.0,28.0,4.0,4.0,33.0,3.0,3.0,72.0,Australia (NPL NSW),0.001288581944114155
107.0,117.0,85.0,86.0,83.0,63.0,67.0,78.0,78.0,84.0,84.0,80.0,84.0,89.0,90.0,85.0,73.0,80.0,82.0,77.0,85.0,66.0,85.0,77.0,84.0,63.0,59.0,84.0,80.0,76.0,80.0,80.0,78.0,85.0,90.0,75.0,65.0,82.0,74.0,83.0,73.0,83.0,85.0,81.0,82.0,80.0,79.0,89.0,91.0,72.0,81.0,78.0,82.0,80.0,88.0,78.0,90.0,88.0,97.0,81.0,36.0,30.0,127.0,136.0,36.0,27.0,27.0,71.0,Turkey (2. League Red),0.0012022894661571455
94.0,82.0,70.0,75.0,71.0,66.0,53.0,75.0,71.0,69.0,72.0,68.0,71.0,71.0,63.0,71.0,70.0,77.0,59.0,82.0,62.0,87.0,69.0,78.0,54.0,79.0,74.0,61.0,72.0,68.0,76.0,85.0,66.0,61.0,71.0,88.0,83.0,72.0,71.0,71.0,80.0,74.0,67.0,77.0,74.0,69.0,69.0,64.0,63.0,74.0,72.0,70.0,74.0,67.0,59.0,75.0,67.0,70.0,125.0,70.0,48.0,38.0,22.0,22.0,48.0,54.0,54.0,70.0,Finland (Premier League),0.0011217757373017914
97.0,111.0,75.0,73.0,76.0,55.0,34.0,71.0,68.0,72.0,56.0,73.0,57.0,76.0,89.0,80.0,72.0,85.0,77.0,78.0,78.0,64.0,64.0,69.0,90.0,61.0,82.0,83.0,73.0,61.0,66.0,76.0,75.0,74.0,70.0,45.0,18.0,69.0,62.0,54.0,54.0,78.0,73.0,67.0,54.0,84.0,68.0,84.0,79.0,89.0,82.0,71.0,67.0,93.0,78.0,77.0,69.0,77.0,144.0,73.0,39.0,37.0,131.0,140.0,39.0,35.0,35.0,69.0,Ukraine (Second League - Group A),0.0010466537720080985
61.0,56.0,57.0,58.0,61.0,88.0,72.0,64.0,61.0,66.0,70.0,65.0,69.0,67.0,60.0,61.0,61.0,61.0,65.0,32.0,59.0,74.0,70.0,59.0,78.0,68.0,56.0,59.0,69.0,65.0,55.0,63.0,59.0,57.0,65.0,71.0,72.0,65.0,61.0,36.0,67.0,62.0,58.0,70.0,71.0,64.0,66.0,79.0,59.0,60.0,65.0,66.0,62.0,65.0,36.0,61.0,46.0,65.0,67.0,54.0,47.0,36.0,90.0,90.0,47.0,55.0,55.0,68.0,Switzerland (Challenge League),0.0009765625
124.0,126.0,127.0,127.0,125.0,110.0,109.0,125.0,123.0,127.0,123.0,128.0,119.0,128.0,129.0,128.0,127.0,132.0,126.0,118.0,127.0,124.0,120.0,122.0,111.0,123.0,128.0,129.0,129.0,121.0,128.0,116.0,127.0,126.0,117.0,124.0,115.0,120.0,118.0,123.0,122.0,127.0,117.0,119.0,121.0,127.0,125.0,119.0,122.0,128.0,126.0,125.0,122.0,128.0,122.0,121.0,115.0,124.0,126.0,127.0,99.0,100.0,11.0,11.0,99.0,118.0,118.0,67.0,Bulgaria (First League),0.0009111650307976637
37.0,51.0,43.0,48.0,26.0,25.0,26.0,22.0,13.0,29.0,18.0,32.0,25.0,34.0,17.0,55.0,46.0,55.0,17.0,31.0,24.0,29.0,12.0,49.0,32.0,46.0,37.0,15.0,41.0,17.0,19.0,15.0,41.0,29.0,17.0,20.0,13.0,25.0,36.0,35.0,14.0,30.0,17.0,17.0,13.0,31.0,23.0,11.0,52.0,41.0,47.0,24.0,27.0,34.0,16.0,41.0,22.0,46.0,29.0,41.0,28.0,16.0,89.0,89.0,28.0,16.0,16.0,66.0,Sweden (First Division North),0.0008501470344688716
5.0,44.0,2.0,3.0,14.0,1.0,1.0,12.0,18.0,11.0,11.0,3.0,7.0,13.0,10.0,8.0,8.0,3.0,41.0,13.0,17.0,12.0,51.0,33.0,36.0,39.0,44.0,18.0,44.0,19.0,44.0,3.0,2.0,2.0,3.0,22.0,58.0,20.0,26.0,20.0,32.0,4.0,2.0,28.0,23.0,18.0,12.0,16.0,54.0,2.0,14.0,2.0,15.0,17.0,1.0,43.0,29.0,5.0,39.0,6.0,32.0,23.0,8.0,8.0,32.0,18.0,18.0,65.0,Belgium,0.0007932152308166359
57.0,45.0,31.0,8.0,42.0,51.0,91.0,41.0,19.0,18.0,29.0,27.0,26.0,30.0,53.0,45.0,33.0,9.0,7.0,8.0,53.0,13.0,34.0,14.0,42.0,26.0,13.0,52.0,14.0,39.0,33.0,26.0,45.0,48.0,47.0,42.0,39.0,21.0,4.0,47.0,12.0,28.0,39.0,22.0,25.0,45.0,36.0,40.0,29.0,35.0,30.0,43.0,12.0,38.0,47.0,17.0,27.0,24.0,94.0,33.0,24.0,13.0,115.0,120.0,24.0,17.0,17.0,64.0,Kazakhstan (Kazakhstan First League),0.0007400959797414052
35.0,79.0,9.0,9.0,24.0,15.0,17.0,9.0,4.0,48.0,14.0,12.0,10.0,32.0,14.0,20.0,13.0,48.0,11.0,48.0,23.0,17.0,10.0,9.0,47.0,50.0,5.0,30.0,29.0,34.0,23.0,12.0,13.0,6.0,12.0,26.0,33.0,33.0,23.0,11.0,17.0,5.0,40.0,38.0,27.0,13.0,6.0,47.0,12.0,17.0,23.0,21.0,25.0,39.0,31.0,19.0,59.0,33.0,95.0,7.0,19.0,8.0,62.0,62.0,19.0,7.0,7.0,63.0,Poland (Third Division Group 4),0.0006905339660024879
78.0,99.0,62.0,64.0,57.0,40.0,38.0,57.0,53.0,59.0,51.0,53.0,55.0,54.0,31.0,59.0,56.0,50.0,53.0,53.0,54.0,52.0,48.0,65.0,65.0,66.0,64.0,60.0,46.0,58.0,58.0,71.0,57.0,64.0,62.0,56.0,64.0,56.0,67.0,63.0,56.0,60.0,55.0,58.0,59.0,51.0,63.0,74.0,58.0,58.0,59.0,59.0,64.0,59.0,55.0,66.0,70.0,61.0,124.0,61.0,27.0,15.0,104.0,114.0,27.0,21.0,21.0,62.0,Slovakia (Second Division),0.0006442909720570775
80.0,78.0,71.0,72.0,73.0,73.0,71.0,74.0,72.0,75.0,77.0,78.0,74.0,79.0,81.0,83.0,78.0,68.0,68.0,63.0,79.0,78.0,77.0,67.0,62.0,77.0,76.0,80.0,79.0,75.0,78.0,74.0,73.0,75.0,57.0,72.0,80.0,70.0,76.0,68.0,75.0,75.0,70.0,68.0,70.0,76.0,75.0,81.0,65.0,77.0,74.0,75.0,71.0,76.0,64.0,67.0,62.0,71.0,69.0,71.0,57.0,55.0,48.0,48.0,57.0,72.0,72.0,61.0,Italy (Serie C/C),0.0006011447330785727
120.0,97.0,118.0,121.0,119.0,132.0,114.0,123.0,122.0,125.0,119.0,113.0,115.0,119.0,127.0,122.0,119.0,118.0,120.0,126.0,128.0,123.0,124.0,118.0,121.0,121.0,112.0,126.0,126.0,122.0,126.0,113.0,123.0,125.0,112.0,119.0,121.0,115.0,120.0,114.0,120.0,112.0,116.0,122.0,124.0,126.0,124.0,120.0,120.0,123.0,122.0,122.0,118.0,125.0,116.0,117.0,118.0,121.0,117.0,120.0,112.0,113.0,111.0,107.0,112.0,126.0,126.0,60.0,Serbia (SuperLeague),0.0005608878686508957
66.0,55.0,56.0,55.0,53.0,23.0,43.0,53.0,59.0,55.0,68.0,52.0,58.0,58.0,47.0,40.0,55.0,49.0,52.0,27.0,30.0,38.0,61.0,55.0,50.0,56.0,68.0,26.0,21.0,56.0,42.0,70.0,23.0,7.0,31.0,55.0,47.0,64.0,56.0,69.0,57.0,16.0,63.0,56.0,58.0,59.0,56.0,52.0,34.0,56.0,57.0,54.0,55.0,55.0,33.0,56.0,76.0,60.0,27.0,53.0,30.0,17.0,78.0,78.0,30.0,28.0,28.0,59.0,Scotland (Ladbrokes League 2),0.0005233268860040493
25.0,19.0,10.0,5.0,5.0,13.0,11.0,5.0,35.0,43.0,7.0,28.0,16.0,5.0,25.0,15.0,54.0,60.0,14.0,26.0,7.0,7.0,11.0,47.0,30.0,10.0,49.0,12.0,20.0,16.0,12.0,32.0,14.0,4.0,53.0,6.0,34.0,24.0,8.0,13.0,51.0,6.0,47.0,6.0,2.0,5.0,40.0,51.0,49.0,9.0,8.0,13.0,45.0,1.0,54.0,29.0,54.0,40.0,21.0,9.0,26.0,14.0,77.0,77.0,26.0,25.0,25.0,58.0,Scotland (Ladbrokes League 1),0.00048828125
121.0,140.0,103.0,103.0,101.0,68.0,39.0,81.0,88.0,82.0,78.0,111.0,80.0,70.0,77.0,89.0,87.0,103.0,98.0,109.0,83.0,70.0,78.0,98.0,105.0,97.0,106.0,86.0,70.0,80.0,96.0,97.0,98.0,97.0,110.0,76.0,90.0,89.0,91.0,106.0,90.0,95.0,99.0,87.0,88.0,77.0,94.0,96.0,100.0,70.0,87.0,94.0,100.0,98.0,97.0,97.0,101.0,106.0,149.0,104.0,53.0,48.0,141.0,145.0,53.0,68.0,68.0,57.0,Ukraine (Second League - Group B),0.00045558251539883185
114.0,75.0,96.0,97.0,97.0,74.0,123.0,97.0,95.0,93.0,94.0,94.0,93.0,97.0,103.0,102.0,95.0,100.0,89.0,106.0,101.0,95.0,97.0,90.0,86.0,96.0,92.0,99.0,109.0,101.0,98.0,89.0,104.0,95.0,106.0,97.0,84.0,95.0,99.0,99.0,89.0,94.0,94.0,96.0,101.0,96.0,100.0,95.0,104.0,99.0,95.0,93.0,88.0,89.0,103.0,89.0,86.0,94.0,80.0,96.0,77.0,78.0,44.0,44.0,77.0,102.0,102.0,56.0,Iran (Pro League),0.0004250735172344358
100.0,112.0,84.0,80.0,84.0,59.0,29.0,70.0,81.0,76.0,74.0,74.0,78.0,75.0,80.0,87.0,75.0,88.0,97.0,98.0,73.0,61.0,79.0,87.0,89.0,74.0,70.0,76.0,59.0,90.0,91.0,93.0,88.0,72.0,91.0,81.0,76.0,80.0,65.0,84.0,74.0,80.0,76.0,76.0,83.0,79.0,67.0,93.0,71.0,73.0,70.0,80.0,80.0,87.0,90.0,86.0,95.0,89.0,139.0,86.0,49.0,42.0,107.0,123.0,49.0,67.0,67.0,55.0,Ukraine (Lower Division),0.00039660761540831794
28.0,59.0,7.0,21.0,49.0,22.0,30.0,32.0,11.0,17.0,28.0,24.0,33.0,4.0,28.0,17.0,21.0,41.0,61.0,41.0,18.0,44.0,20.0,45.0,27.0,42.0,11.0,23.0,50.0,37.0,15.0,23.0,8.0,16.0,44.0,32.0,43.0,30.0,31.0,45.0,49.0,11.0,9.0,30.0,32.0,27.0,18.0,36.0,24.0,22.0,21.0,18.0,47.0,36.0,26.0,51.0,2.0,17.0,15.0,8.0,8.0,11.0,40.0,40.0,8.0,9.0,9.0,54.0,Greece (Football League),0.0003700479898707026
2.0,6.0,17.0,24.0,31.0,105.0,88.0,52.0,47.0,51.0,47.0,30.0,47.0,42.0,15.0,35.0,51.0,51.0,38.0,30.0,41.0,53.0,49.0,28.0,15.0,54.0,27.0,42.0,34.0,53.0,36.0,34.0,33.0,38.0,32.0,37.0,35.0,45.0,52.0,15.0,55.0,40.0,42.0,49.0,11.0,52.0,17.0,24.0,16.0,48.0,42.0,45.0,48.0,46.0,14.0,52.0,39.0,43.0,24.0,36.0,34.0,22.0,82.0,82.0,34.0,47.0,47.0,53.0,South Korea (K LEAGUE 2),0.00034526698300124393
41.0,74.0,24.0,44.0,18.0,21.0,37.0,4.0,6.0,22.0,16.0,50.0,5.0,26.0,30.0,47.0,15.0,16.0,36.0,25.0,2.0,27.0,15.0,40.0,12.0,18.0,48.0,11.0,31.0,8.0,8.0,31.0,39.0,45.0,30.0,5.0,12.0,3.0,40.0,50.0,9.0,9.0,5.0,24.0,5.0,38.0,30.0,9.0,33.0,29.0,51.0,12.0,3.0,27.0,52.0,20.0,26.0,38.0,78.0,28.0,13.0,9.0,74.0,74.0,13.0,24.0,24.0,52.0,Russia (Third Division - Moscow),0.00032214548602853873
4.0,60.0,45.0,33.0,36.0,12.0,28.0,26.0,9.0,42.0,15.0,46.0,15.0,33.0,49.0,27.0,43.0,27.0,12.0,50.0,50.0,10.0,23.0,25.0,11.0,6.0,35.0,49.0,18.0,13.0,18.0,48.0,50.0,50.0,50.0,17.0,7.0,12.0,14.0,30.0,8.0,15.0,16.0,23.0,19.0,42.0,38.0,49.0,13.0,44.0,24.0,22.0,13.0,24.0,13.0,28.0,56.0,35.0,35.0,40.0,12.0,7.0,66.0,66.0,12.0,20.0,20.0,51.0,Portugal (PT Championship D),0.00030057236653928637
48.0,31.0,8.0,19.0,37.0,45.0,31.0,35.0,26.0,13.0,39.0,8.0,34.0,19.0,22.0,12.0,23.0,42.0,4.0,42.0,19.0,32.0,32.0,36.0,55.0,49.0,8.0,4.0,56.0,48.0,46.0,8.0,5.0,28.0,7.0,46.0,59.0,31.0,47.0,24.0,50.0,42.0,32.0,47.0,53.0,36.0,27.0,38.0,7.0,23.0,29.0,36.0,40.0,13.0,7.0,37.0,11.0,19.0,57.0,12.0,17.0,18.0,42.0,42.0,17.0,31.0,31.0,50.0,Hungary (Division II),0.00028044393432544786
29.0,50.0,19.0,16.0,17.0,17.0,14.0,6.0,14.0,35.0,9.0,37.0,8.0,29.0,44.0,39.0,22.0,6.0,30.0,18.0,44.0,15.0,8.0,3.0,6.0,3.0,22.0,47.0,51.0,3.0,45.0,42.0,37.0,47.0,45.0,7.0,9.0,11.0,3.0,6.0,2.0,26.0,13.0,5.0,3.0,21.0,42.0,37.0,25.0,52.0,26.0,9.0,5.0,37.0,43.0,6.0,50.0,18.0,59.0,22.0,4.0,3.0,41.0,41.0,4.0,4.0,4.0,49.0,Greece (Regional Division 4),0.00026166344300202464
9.0,38.0,48.0,47.0,16.0,39.0,52.0,25.0,25.0,33.0,22.0,21.0,18.0,18.0,20.0,29.0,20.0,38.0,44.0,17.0,11.0,46.0,19.0,35.0,3.0,23.0,32.0,21.0,45.0,20.0,13.0,40.0,36.0,23.0,42.0,15.0,22.0,15.0,37.0,23.0,20.0,36.0,8.0,26.0,24.0,7.0,25.0,60.0,42.0,34.0,39.0,5.0,18.0,30.0,6.0,24.0,23.0,14.0,4.0,45.0,7.0,5.0,34.0,34.0,7.0,12.0,12.0,48.0,Germany (Regional Div. Bavaria),0.000244140625
32.0,13.0,23.0,12.0,6.0,32.0,41.0,14.0,41.0,40.0,48.0,61.0,22.0,15.0,32.0,5.0,7.0,33.0,19.0,55.0,9.0,5.0,43.0,29.0,51.0,5.0,28.0,31.0,8.0,27.0,43.0,36.0,17.0,12.0,19.0,9.0,41.0,49.0,12.0,52.0,18.0,46.0,49.0,7.0,21.0,24.0,7.0,28.0,53.0,7.0,2.0,25.0,28.0,16.0,37.0,42.0,42.0,48.0,7.0,19.0,2.0,6.0,94.0,94.0,2.0,1.0,1.0,47.0,Turkey (3. League Group 2),0.00022779125769941593
59.0,62.0,3.0,1.0,13.0,18.0,15.0,3.0,10.0,44.0,42.0,56.0,40.0,27.0,38.0,3.0,17.0,56.0,39.0,35.0,37.0,11.0,53.0,10.0,33.0,11.0,43.0,38.0,36.0,29.0,31.0,56.0,18.0,8.0,20.0,21.0,28.0,52.0,13.0,53.0,15.0,53.0,11.0,18.0,29.0,25.0,32.0,58.0,37.0,19.0,20.0,4.0,10.0,42.0,38.0,9.0,51.0,50.0,87.0,14.0,3.0,2.0,102.0,117.0,3.0,8.0,8.0,46.0,Turkey (RAL Group 1),0.0002125367586172179
60.0,80.0,44.0,30.0,21.0,16.0,12.0,11.0,3.0,16.0,26.0,33.0,53.0,16.0,4.0,6.0,2.0,18.0,20.0,56.0,15.0,21.0,30.0,43.0,52.0,48.0,38.0,32.0,9.0,28.0,30.0,16.0,52.0,30.0,34.0,13.0,51.0,18.0,42.0,37.0,44.0,32.0,3.0,50.0,42.0,15.0,8.0,57.0,36.0,18.0,19.0,14.0,9.0,2.0,18.0,48.0,52.0,49.0,34.0,39.0,1.0,1.0,101.0,118.0,1.0,2.0,2.0,45.0,Turkey (Amateur League),0.00019830380770415897
10.0,25.0,39.0,38.0,43.0,85.0,101.0,50.0,30.0,30.0,52.0,55.0,39.0,43.0,48.0,36.0,37.0,32.0,18.0,33.0,56.0,54.0,52.0,42.0,17.0,47.0,16.0,46.0,47.0,55.0,52.0,35.0,34.0,39.0,18.0,57.0,50.0,48.0,48.0,17.0,43.0,31.0,43.0,55.0,62.0,39.0,48.0,55.0,60.0,39.0,52.0,50.0,36.0,28.0,17.0,22.0,8.0,47.0,64.0,24.0,22.0,24.0,92.0,92.0,22.0,33.0,33.0,44.0,Switzerland (Second League Inter Gr 1),0.0001850239949353513
14.0,22.0,25.0,18.0,27.0,26.0,20.0,8.0,32.0,5.0,17.0,54.0,48.0,7.0,16.0,2.0,11.0,53.0,16.0,54.0,8.0,28.0,42.0,41.0,16.0,36.0,15.0,14.0,22.0,14.0,3.0,54.0,16.0,11.0,64.0,12.0,49.0,47.0,16.0,16.0,13.0,1.0,10.0,39.0,12.0,9.0,52.0,27.0,17.0,10.0,4.0,6.0,26.0,33.0,15.0,40.0,32.0,45.0,63.0,23.0,21.0,10.0,86.0,86.0,21.0,32.0,32.0,43.0,Spain (Third Division Group 7),0.00017263349150062197
43.0,27.0,37.0,46.0,20.0,38.0,46.0,30.0,29.0,39.0,32.0,29.0,24.0,47.0,50.0,48.0,45.0,30.0,37.0,28.0,55.0,19.0,41.0,27.0,58.0,19.0,36.0,45.0,33.0,36.0,35.0,13.0,32.0,21.0,54.0,28.0,27.0,44.0,25.0,51.0,30.0,43.0,24.0,13.0,37.0,6.0,31.0,53.0,50.0,30.0,46.0,33.0,46.0,51.0,35.0,21.0,38.0,42.0,122.0,38.0,5.0,4.0,80.0,80.0,5.0,15.0,15.0,42.0,Slovenia (Second League),0.00016107274301426937
30.0,10.0,5.0,13.0,48.0,6.0,6.0,34.0,44.0,27.0,53.0,23.0,43.0,39.0,11.0,25.0,5.0,40.0,3.0,40.0,27.0,50.0,45.0,5.0,5.0,29.0,2.0,28.0,37.0,44.0,29.0,7.0,4.0,25.0,43.0,58.0,55.0,42.0,29.0,5.0,38.0,8.0,50.0,45.0,56.0,20.0,50.0,35.0,6.0,42.0,15.0,41.0,33.0,12.0,25.0,5.0,1.0,16.0,120.0,5.0,9.0,91.0,39.0,39.0,9.0,22.0,22.0,41.0,Greece,0.00015028618326964319
22.0,96.0,6.0,4.0,2.0,4.0,4.0,1.0,1.0,26.0,2.0,19.0,3.0,3.0,3.0,4.0,9.0,36.0,27.0,15.0,3.0,2.0,1.0,2.0,2.0,15.0,39.0,1.0,13.0,5.0,5.0,21.0,10.0,3.0,38.0,4.0,20.0,4.0,11.0,41.0,47.0,25.0,4.0,25.0,6.0,2.0,3.0,17.0,40.0,1.0,1.0,3.0,8.0,57.0,4.0,3.0,15.0,10.0,16.0,42.0,131.0,126.0,18.0,18.0,131.0,142.0,142.0,40.0,Denmark (2. Division),0.00014022196716272393
75.0,92.0,54.0,56.0,62.0,67.0,64.0,58.0,55.0,52.0,73.0,66.0,65.0,55.0,57.0,56.0,57.0,62.0,66.0,34.0,42.0,67.0,54.0,60.0,68.0,64.0,60.0,51.0,35.0,64.0,63.0,64.0,53.0,60.0,66.0,60.0,63.0,63.0,69.0,66.0,58.0,52.0,64.0,52.0,60.0,60.0,54.0,56.0,61.0,65.0,61.0,57.0,59.0,73.0,74.0,57.0,60.0,66.0,76.0,55.0,31.0,43.0,116.0,116.0,31.0,48.0,48.0,39.0,Turkey (2. League White),0.00013083172150101232
76.0,95.0,64.0,60.0,64.0,60.0,22.0,59.0,54.0,63.0,55.0,36.0,54.0,63.0,61.0,64.0,62.0,67.0,43.0,70.0,61.0,55.0,57.0,62.0,38.0,57.0,65.0,57.0,68.0,57.0,57.0,73.0,63.0,63.0,39.0,54.0,42.0,53.0,63.0,57.0,59.0,58.0,61.0,57.0,48.0,54.0,57.0,33.0,62.0,66.0,62.0,65.0,58.0,70.0,58.0,58.0,53.0,53.0,132.0,65.0,38.0,40.0,103.0,119.0,38.0,57.0,57.0,38.0,Estonia (Premier League),0.0001220703125
92.0,91.0,76.0,76.0,78.0,79.0,56.0,76.0,70.0,73.0,75.0,71.0,77.0,73.0,70.0,78.0,76.0,92.0,86.0,84.0,76.0,80.0,76.0,68.0,83.0,80.0,66.0,67.0,85.0,73.0,82.0,79.0,80.0,76.0,74.0,69.0,81.0,78.0,77.0,79.0,79.0,76.0,74.0,83.0,85.0,74.0,77.0,77.0,56.0,71.0,83.0,73.0,75.0,69.0,82.0,68.0,65.0,73.0,48.0,77.0,50.0,56.0,130.0,133.0,50.0,74.0,74.0,37.0,Latvia (Higher League),0.00011389562884970796
20.0,32.0,35.0,41.0,41.0,46.0,62.0,40.0,27.0,50.0,43.0,26.0,35.0,52.0,52.0,44.0,32.0,7.0,31.0,44.0,45.0,33.0,37.0,13.0,8.0,31.0,23.0,41.0,5.0,50.0,40.0,10.0,38.0,36.0,10.0,52.0,25.0,37.0,38.0,26.0,27.0,27.0,38.0,31.0,40.0,44.0,43.0,6.0,28.0,47.0,40.0,42.0,19.0,47.0,27.0,10.0,9.0,22.0,60.0,32.0,18.0,12.0,47.0,47.0,18.0,37.0,37.0,36.0,Italy (Serie C/B),0.00010626837930860896
51.0,39.0,52.0,52.0,15.0,2.0,2.0,27.0,24.0,12.0,20.0,4.0,12.0,17.0,6.0,58.0,18.0,4.0,24.0,39.0,33.0,42.0,7.0,51.0,20.0,14.0,29.0,19.0,48.0,41.0,1.0,38.0,55.0,31.0,4.0,40.0,29.0,9.0,44.0,21.0,7.0,10.0,7.0,9.0,38.0,11.0,9.0,29.0,2.0,13.0,25.0,16.0,16.0,10.0,22.0,14.0,34.0,6.0,36.0,51.0,23.0,20.0,12.0,12.0,23.0,43.0,43.0,35.0,Canada,9.915190385207948e-05
54.0,30.0,66.0,66.0,65.0,113.0,122.0,68.0,64.0,60.0,59.0,64.0,64.0,62.0,59.0,70.0,60.0,31.0,54.0,29.0,58.0,82.0,56.0,66.0,59.0,72.0,61.0,50.0,67.0,70.0,51.0,52.0,65.0,67.0,72.0,64.0,69.0,62.0,73.0,74.0,69.0,66.0,57.0,61.0,61.0,66.0,65.0,54.0,70.0,63.0,67.0,67.0,65.0,61.0,72.0,63.0,12.0,62.0,65.0,63.0,76.0,93.0,81.0,81.0,76.0,100.0,100.0,34.0,South Korea (K LEAGUE 1),9.251199746767564e-05
50.0,46.0,33.0,25.0,39.0,81.0,63.0,36.0,17.0,46.0,49.0,15.0,29.0,49.0,33.0,24.0,27.0,34.0,21.0,57.0,43.0,41.0,50.0,18.0,53.0,20.0,6.0,33.0,23.0,30.0,39.0,18.0,29.0,13.0,21.0,49.0,52.0,50.0,43.0,19.0,25.0,34.0,25.0,42.0,47.0,32.0,49.0,13.0,19.0,31.0,35.0,39.0,38.0,26.0,57.0,31.0,14.0,52.0,14.0,1.0,29.0,27.0,97.0,97.0,29.0,51.0,51.0,33.0,U.S.A. (Lower Leagues),8.631674575031098e-05
45.0,48.0,50.0,49.0,44.0,44.0,48.0,31.0,15.0,37.0,25.0,48.0,4.0,24.0,55.0,54.0,36.0,14.0,34.0,24.0,46.0,35.0,14.0,1.0,49.0,7.0,47.0,55.0,30.0,7.0,53.0,50.0,51.0,54.0,14.0,18.0,24.0,13.0,15.0,31.0,6.0,55.0,34.0,15.0,20.0,43.0,39.0,23.0,32.0,45.0,33.0,31.0,2.0,40.0,32.0,2.0,16.0,36.0,84.0,52.0,20.0,26.0,68.0,68.0,20.0,41.0,41.0,32.0,Romania (Liga II),8.053637150713468e-05
87.0,103.0,77.0,77.0,74.0,72.0,79.0,72.0,69.0,70.0,69.0,90.0,70.0,69.0,72.0,79.0,64.0,72.0,76.0,73.0,74.0,49.0,60.0,74.0,66.0,70.0,72.0,75.0,64.0,59.0,70.0,62.0,82.0,81.0,82.0,48.0,70.0,74.0,72.0,70.0,63.0,67.0,75.0,62.0,64.0,67.0,70.0,83.0,75.0,69.0,66.0,68.0,72.0,62.0,77.0,72.0,68.0,75.0,71.0,76.0,46.0,50.0,119.0,103.0,46.0,70.0,70.0,31.0,Spain (Second Division B4),7.514309163482159e-05
26.0,5.0,32.0,11.0,30.0,8.0,8.0,46.0,49.0,49.0,46.0,51.0,38.0,46.0,37.0,52.0,52.0,29.0,13.0,52.0,51.0,37.0,40.0,17.0,13.0,45.0,26.0,35.0,19.0,15.0,41.0,61.0,40.0,10.0,52.0,36.0,16.0,6.0,30.0,33.0,41.0,24.0,23.0,54.0,41.0,49.0,46.0,50.0,14.0,55.0,34.0,49.0,6.0,41.0,53.0,8.0,20.0,39.0,20.0,29.0,37.0,29.0,75.0,75.0,37.0,60.0,60.0,30.0,Scotland,7.011098358136196e-05
33.0,4.0,13.0,23.0,35.0,71.0,40.0,44.0,48.0,14.0,44.0,40.0,45.0,22.0,39.0,19.0,26.0,11.0,46.0,21.0,40.0,56.0,46.0,23.0,43.0,43.0,9.0,37.0,53.0,51.0,22.0,11.0,12.0,19.0,48.0,47.0,60.0,32.0,39.0,48.0,53.0,21.0,19.0,53.0,49.0,23.0,21.0,43.0,30.0,36.0,31.0,29.0,52.0,31.0,48.0,44.0,13.0,26.0,113.0,11.0,25.0,34.0,53.0,53.0,25.0,53.0,53.0,29.0,Moldova (Divizia NaÅ£ionalÄ),6.541586075050616e-05
27.0,43.0,15.0,17.0,40.0,29.0,61.0,33.0,21.0,28.0,40.0,38.0,44.0,20.0,23.0,13.0,24.0,43.0,5.0,43.0,13.0,16.0,33.0,37.0,39.0,30.0,12.0,24.0,28.0,38.0,16.0,24.0,11.0,17.0,8.0,51.0,38.0,36.0,21.0,7.0,52.0,12.0,14.0,48.0,57.0,37.0,19.0,4.0,26.0,14.0,16.0,19.0,41.0,21.0,8.0,26.0,10.0,20.0,38.0,13.0,10.0,19.0,43.0,43.0,10.0,45.0,45.0,28.0,India,6.103515625e-05
58.0,42.0,41.0,32.0,52.0,41.0,33.0,38.0,22.0,15.0,13.0,41.0,2.0,14.0,46.0,32.0,35.0,45.0,63.0,58.0,48.0,45.0,22.0,38.0,28.0,13.0,1.0,48.0,39.0,24.0,47.0,28.0,47.0,44.0,27.0,25.0,1.0,17.0,6.0,28.0,5.0,51.0,46.0,1.0,10.0,28.0,15.0,21.0,44.0,27.0,22.0,44.0,20.0,3.0,28.0,46.0,5.0,28.0,112.0,43.0,11.0,21.0,123.0,122.0,11.0,50.0,50.0,27.0,North Macedonia (First League),5.694781442485398e-05
34.0,2.0,30.0,15.0,45.0,50.0,47.0,39.0,51.0,41.0,27.0,6.0,32.0,38.0,43.0,37.0,38.0,5.0,28.0,5.0,35.0,24.0,26.0,34.0,24.0,16.0,40.0,43.0,55.0,43.0,20.0,5.0,44.0,41.0,24.0,23.0,31.0,29.0,28.0,4.0,34.0,19.0,30.0,40.0,44.0,35.0,35.0,18.0,41.0,33.0,38.0,28.0,17.0,11.0,5.0,36.0,3.0,12.0,62.0,21.0,6.0,39.0,31.0,31.0,6.0,44.0,44.0,26.0,Georgia (Georgian National League),5.313418965430448e-05
122.0,135.0,131.0,131.0,130.0,130.0,140.0,130.0,130.0,131.0,130.0,129.0,130.0,131.0,128.0,131.0,129.0,128.0,133.0,129.0,129.0,131.0,130.0,131.0,128.0,131.0,130.0,127.0,130.0,128.0,129.0,132.0,132.0,129.0,131.0,129.0,129.0,131.0,131.0,130.0,130.0,130.0,130.0,131.0,129.0,131.0,130.0,130.0,130.0,130.0,131.0,129.0,130.0,131.0,119.0,130.0,121.0,130.0,75.0,131.0,105.0,112.0,122.0,125.0,105.0,123.0,123.0,25.0,Germany (3. Liga),4.957595192603974e-05
127.0,125.0,113.0,116.0,124.0,128.0,104.0,119.0,113.0,117.0,118.0,116.0,118.0,122.0,110.0,125.0,118.0,124.0,119.0,125.0,111.0,118.0,116.0,119.0,120.0,118.0,119.0,108.0,115.0,119.0,104.0,118.0,120.0,117.0,111.0,118.0,122.0,119.0,124.0,119.0,113.0,114.0,119.0,117.0,118.0,119.0,115.0,127.0,109.0,115.0,116.0,120.0,121.0,122.0,115.0,114.0,103.0,118.0,148.0,115.0,69.0,67.0,132.0,139.0,69.0,97.0,97.0,24.0,Hungary (Division I),4.625599873383782e-05
49.0,8.0,26.0,27.0,28.0,91.0,81.0,48.0,43.0,7.0,21.0,20.0,42.0,8.0,27.0,23.0,49.0,37.0,2.0,4.0,26.0,31.0,44.0,52.0,23.0,22.0,45.0,8.0,26.0,33.0,25.0,22.0,25.0,15.0,23.0,31.0,30.0,14.0,27.0,42.0,48.0,35.0,29.0,44.0,39.0,40.0,13.0,3.0,4.0,26.0,37.0,27.0,39.0,29.0,42.0,50.0,21.0,11.0,19.0,25.0,16.0,44.0,20.0,20.0,16.0,56.0,56.0,23.0,Ecuador (Serie A),4.315837287515549e-05
42.0,7.0,51.0,51.0,34.0,96.0,89.0,51.0,46.0,45.0,33.0,34.0,49.0,48.0,18.0,57.0,47.0,19.0,58.0,36.0,16.0,60.0,31.0,30.0,34.0,37.0,46.0,16.0,54.0,49.0,38.0,17.0,56.0,52.0,56.0,38.0,17.0,41.0,53.0,18.0,45.0,33.0,44.0,33.0,14.0,53.0,53.0,12.0,18.0,49.0,43.0,46.0,37.0,52.0,19.0,13.0,19.0,51.0,44.0,49.0,68.0,61.0,96.0,96.0,68.0,98.0,98.0,22.0,U.S.A. (Eastern Conference),4.026818575356734e-05
115.0,121.0,100.0,102.0,107.0,9.0,9.0,99.0,101.0,103.0,102.0,101.0,98.0,101.0,95.0,97.0,102.0,96.0,96.0,90.0,90.0,100.0,100.0,104.0,100.0,105.0,105.0,95.0,96.0,105.0,99.0,129.0,99.0,102.0,95.0,106.0,109.0,100.0,102.0,89.0,106.0,93.0,95.0,103.0,106.0,97.0,96.0,102.0,111.0,101.0,99.0,97.0,105.0,104.0,110.0,105.0,79.0,105.0,152.0,98.0,58.0,87.0,98.0,98.0,58.0,91.0,91.0,21.0,Ukraine,3.7571545817410796e-05
1.0,11.0,12.0,26.0,51.0,119.0,121.0,43.0,42.0,47.0,34.0,5.0,30.0,50.0,19.0,42.0,30.0,21.0,42.0,2.0,34.0,62.0,36.0,20.0,21.0,28.0,30.0,20.0,12.0,47.0,24.0,20.0,19.0,46.0,36.0,29.0,54.0,27.0,45.0,22.0,37.0,41.0,27.0,29.0,16.0,50.0,33.0,30.0,3.0,50.0,48.0,40.0,30.0,43.0,41.0,35.0,6.0,7.0,22.0,10.0,14.0,52.0,13.0,13.0,14.0,63.0,63.0,20.0,China (First Division),3.505549179068098e-05
77.0,52.0,65.0,65.0,68.0,122.0,110.0,65.0,60.0,61.0,61.0,47.0,61.0,57.0,64.0,63.0,66.0,59.0,51.0,23.0,64.0,65.0,59.0,64.0,72.0,62.0,67.0,63.0,40.0,52.0,69.0,49.0,67.0,65.0,51.0,63.0,56.0,58.0,57.0,62.0,62.0,64.0,59.0,60.0,51.0,63.0,62.0,22.0,66.0,67.0,63.0,64.0,56.0,45.0,70.0,62.0,28.0,58.0,40.0,64.0,51.0,71.0,67.0,67.0,51.0,86.0,86.0,19.0,Qatar (Stars League),3.270793037525308e-05
38.0,9.0,22.0,43.0,4.0,11.0,10.0,20.0,45.0,4.0,41.0,11.0,46.0,40.0,13.0,33.0,12.0,13.0,10.0,47.0,6.0,26.0,38.0,16.0,56.0,33.0,14.0,7.0,16.0,40.0,49.0,46.0,22.0,20.0,29.0,43.0,45.0,38.0,22.0,60.0,40.0,22.0,22.0,27.0,34.0,12.0,16.0,8.0,11.0,38.0,11.0,30.0,23.0,14.0,11.0,11.0,55.0,31.0,25.0,17.0,43.0,49.0,59.0,59.0,43.0,83.0,83.0,18.0,Peru (Second Division),3.0517578125e-05
62.0,109.0,90.0,90.0,100.0,109.0,117.0,95.0,92.0,96.0,97.0,99.0,96.0,94.0,104.0,90.0,90.0,97.0,78.0,74.0,96.0,91.0,93.0,96.0,92.0,88.0,97.0,97.0,97.0,94.0,90.0,88.0,76.0,88.0,103.0,92.0,95.0,92.0,86.0,96.0,94.0,102.0,92.0,94.0,98.0,91.0,91.0,85.0,92.0,92.0,94.0,88.0,96.0,90.0,84.0,99.0,98.0,91.0,66.0,93.0,60.0,88.0,117.0,101.0,60.0,94.0,94.0,17.0,Brazil,2.847390721242699e-05
52.0,12.0,29.0,34.0,47.0,3.0,3.0,42.0,38.0,32.0,35.0,18.0,41.0,37.0,51.0,43.0,48.0,23.0,26.0,14.0,39.0,39.0,25.0,21.0,37.0,40.0,20.0,40.0,58.0,32.0,32.0,39.0,43.0,40.0,37.0,41.0,19.0,28.0,10.0,3.0,33.0,18.0,28.0,51.0,31.0,34.0,34.0,32.0,22.0,32.0,49.0,34.0,4.0,19.0,3.0,4.0,4.0,9.0,28.0,37.0,15.0,57.0,17.0,17.0,15.0,76.0,76.0,16.0,CuraÃ§ao,2.656709482715224e-05
101.0,69.0,86.0,85.0,90.0,100.0,128.0,91.0,85.0,81.0,89.0,95.0,92.0,90.0,76.0,84.0,91.0,69.0,73.0,92.0,75.0,96.0,83.0,91.0,82.0,92.0,91.0,79.0,89.0,89.0,79.0,87.0,89.0,87.0,93.0,93.0,99.0,91.0,93.0,93.0,95.0,81.0,80.0,91.0,84.0,83.0,87.0,82.0,87.0,80.0,92.0,82.0,89.0,78.0,93.0,90.0,73.0,83.0,128.0,84.0,62.0,74.0,118.0,121.0,62.0,106.0,106.0,15.0,Kazakhstan (Kazakhstan Premier League),2.478797596301987e-05
130.0,65.0,123.0,118.0,126.0,131.0,133.0,127.0,128.0,124.0,127.0,127.0,127.0,125.0,118.0,121.0,124.0,126.0,128.0,113.0,124.0,125.0,128.0,126.0,114.0,128.0,127.0,120.0,125.0,126.0,113.0,119.0,114.0,120.0,130.0,130.0,126.0,128.0,125.0,122.0,128.0,125.0,127.0,128.0,130.0,125.0,127.0,111.0,126.0,125.0,123.0,127.0,129.0,126.0,129.0,128.0,110.0,126.0,103.0,123.0,119.0,134.0,139.0,146.0,119.0,135.0,135.0,14.0,Mexico (First Division),2.312799936691891e-05
128.0,130.0,129.0,129.0,131.0,124.0,126.0,129.0,129.0,130.0,129.0,125.0,126.0,129.0,131.0,130.0,131.0,117.0,129.0,128.0,131.0,127.0,127.0,129.0,127.0,126.0,129.0,130.0,131.0,129.0,131.0,130.0,131.0,131.0,127.0,128.0,130.0,129.0,127.0,128.0,129.0,129.0,129.0,129.0,128.0,130.0,129.0,129.0,129.0,131.0,129.0,130.0,128.0,130.0,130.0,129.0,105.0,128.0,90.0,129.0,97.0,108.0,134.0,115.0,97.0,125.0,125.0,13.0,Cyprus (First Division),2.1579186437577746e-05
105.0,136.0,117.0,123.0,122.0,133.0,137.0,117.0,112.0,118.0,115.0,121.0,116.0,114.0,122.0,115.0,120.0,113.0,118.0,117.0,121.0,119.0,114.0,117.0,123.0,119.0,120.0,121.0,117.0,112.0,124.0,120.0,118.0,111.0,124.0,120.0,124.0,116.0,117.0,97.0,114.0,117.0,111.0,118.0,122.0,120.0,117.0,115.0,124.0,116.0,115.0,123.0,119.0,119.0,112.0,113.0,119.0,112.0,107.0,121.0,113.0,116.0,143.0,137.0,113.0,133.0,133.0,12.0,Brazil (Lower Division),2.013409287678367e-05
102.0,16.0,79.0,88.0,92.0,5.0,5.0,92.0,91.0,85.0,99.0,77.0,95.0,80.0,78.0,95.0,88.0,82.0,95.0,83.0,81.0,99.0,92.0,86.0,74.0,89.0,88.0,73.0,90.0,98.0,74.0,77.0,81.0,73.0,86.0,102.0,110.0,93.0,89.0,77.0,97.0,86.0,86.0,97.0,93.0,92.0,92.0,80.0,83.0,90.0,98.0,91.0,90.0,81.0,92.0,87.0,37.0,79.0,130.0,79.0,72.0,128.0,23.0,23.0,72.0,120.0,120.0,11.0,France,1.8785772908705398e-05
65.0,33.0,94.0,96.0,102.0,145.0,141.0,105.0,99.0,98.0,104.0,84.0,103.0,102.0,93.0,104.0,104.0,95.0,83.0,95.0,93.0,115.0,102.0,97.0,88.0,104.0,98.0,94.0,99.0,109.0,94.0,92.0,100.0,99.0,79.0,110.0,105.0,99.0,109.0,94.0,105.0,98.0,98.0,102.0,103.0,102.0,104.0,90.0,78.0,102.0,103.0,102.0,103.0,95.0,89.0,98.0,66.0,96.0,50.0,91.0,92.0,117.0,95.0,95.0,92.0,130.0,130.0,10.0,U.A.E. (Pro League),1.752774589534049e-05
13.0,3.0,38.0,29.0,25.0,31.0,44.0,19.0,50.0,9.0,4.0,14.0,21.0,10.0,2.0,21.0,6.0,52.0,55.0,60.0,14.0,20.0,16.0,48.0,31.0,52.0,51.0,13.0,7.0,9.0,37.0,14.0,7.0,55.0,33.0,19.0,36.0,46.0,35.0,34.0,42.0,56.0,36.0,14.0,28.0,14.0,47.0,25.0,35.0,3.0,18.0,52.0,49.0,32.0,61.0,47.0,7.0,44.0,17.0,47.0,107.0,129.0,83.0,83.0,107.0,141.0,141.0,9.0,Spain (Third Division Group 1),1.635396518762654e-05
118.0,73.0,107.0,107.0,116.0,142.0,148.0,115.0,109.0,110.0,112.0,97.0,110.0,111.0,102.0,109.0,114.0,106.0,113.0,114.0,103.0,121.0,110.0,109.0,87.0,114.0,110.0,96.0,106.0,118.0,112.0,112.0,107.0,105.0,108.0,114.0,120.0,110.0,119.0,112.0,116.0,113.0,108.0,111.0,113.0,109.0,109.0,109.0,117.0,111.0,108.0,108.0,109.0,112.0,108.0,109.0,71.0,109.0,91.0,108.0,111.0,131.0,135.0,128.0,111.0,143.0,143.0,8.0,Saudi Arabia (Pro League),1.52587890625e-05
166.0,162.0,161.0,161.0,163.0,160.0,162.0,161.0,161.0,162.0,162.0,160.0,161.0,162.0,161.0,163.0,161.0,162.0,160.0,161.0,161.0,162.0,162.0,161.0,161.0,162.0,162.0,160.0,160.0,162.0,160.0,160.0,160.0,160.0,161.0,161.0,163.0,161.0,161.0,161.0,163.0,161.0,160.0,163.0,160.0,160.0,161.0,162.0,161.0,161.0,162.0,161.0,162.0,162.0,160.0,161.0,157.0,161.0,165.0,160.0,158.0,160.0,168.0,167.0,158.0,159.0,159.0,7.0,Turkey (Super League),1.4236953606213478e-05
110.0,23.0,119.0,125.0,127.0,153.0,159.0,128.0,127.0,119.0,126.0,115.0,129.0,117.0,106.0,126.0,126.0,110.0,121.0,110.0,106.0,130.0,121.0,127.0,101.0,129.0,124.0,101.0,110.0,127.0,111.0,121.0,121.0,121.0,115.0,126.0,131.0,126.0,130.0,124.0,127.0,124.0,124.0,125.0,115.0,123.0,126.0,107.0,125.0,124.0,128.0,126.0,124.0,124.0,123.0,125.0,87.0,113.0,33.0,116.0,143.0,149.0,114.0,109.0,143.0,152.0,152.0,6.0,China (Super League),1.328354741357612e-05
167.0,166.0,160.0,160.0,161.0,158.0,163.0,160.0,160.0,160.0,159.0,161.0,159.0,160.0,162.0,160.0,160.0,161.0,161.0,160.0,163.0,160.0,160.0,160.0,160.0,160.0,160.0,162.0,161.0,160.0,162.0,161.0,161.0,161.0,160.0,160.0,159.0,160.0,160.0,160.0,159.0,160.0,161.0,159.0,161.0,161.0,160.0,160.0,160.0,160.0,160.0,160.0,160.0,160.0,161.0,160.0,159.0,160.0,166.0,161.0,159.0,161.0,167.0,168.0,159.0,163.0,163.0,5.0,Russia (Premier League),1.2393987981509936e-05
164.0,158.0,167.0,168.0,167.0,165.0,166.0,167.0,167.0,167.0,167.0,167.0,167.0,167.0,167.0,167.0,167.0,168.0,167.0,167.0,167.0,167.0,167.0,167.0,168.0,167.0,167.0,167.0,168.0,168.0,165.0,167.0,168.0,167.0,168.0,167.0,167.0,167.0,167.0,167.0,167.0,167.0,167.0,167.0,167.0,167.0,167.0,167.0,167.0,167.0,167.0,167.0,167.0,167.0,167.0,167.0,166.0,167.0,161.0,168.0,167.0,166.0,158.0,156.0,167.0,165.0,165.0,4.0,Germany (Bundesliga),1.156399968345947e-05
168.0,155.0,166.0,166.0,166.0,166.0,167.0,166.0,166.0,166.0,165.0,166.0,165.0,166.0,166.0,166.0,166.0,166.0,166.0,166.0,166.0,165.0,166.0,166.0,165.0,166.0,166.0,166.0,165.0,165.0,166.0,166.0,166.0,166.0,166.0,165.0,165.0,166.0,166.0,165.0,166.0,166.0,166.0,165.0,165.0,166.0,166.0,166.0,166.0,166.0,166.0,166.0,166.0,166.0,166.0,166.0,165.0,166.0,158.0,166.0,166.0,165.0,163.0,163.0,166.0,167.0,167.0,3.0,Italy (Serie A),1.0789593218788873e-05
165.0,148.0,165.0,165.0,165.0,167.0,165.0,165.0,165.0,165.0,166.0,165.0,166.0,165.0,165.0,165.0,165.0,165.0,165.0,165.0,165.0,166.0,165.0,165.0,166.0,165.0,165.0,165.0,166.0,166.0,167.0,165.0,165.0,165.0,165.0,166.0,166.0,165.0,165.0,166.0,165.0,165.0,165.0,166.0,166.0,165.0,165.0,165.0,165.0,165.0,165.0,165.0,165.0,165.0,165.0,165.0,164.0,165.0,162.0,165.0,165.0,167.0,166.0,164.0,165.0,166.0,166.0,2.0,Spain (First Division),1.0067046438391822e-05
163.0,149.0,168.0,167.0,168.0,168.0,168.0,168.0,168.0,168.0,168.0,168.0,168.0,168.0,168.0,168.0,168.0,167.0,168.0,168.0,168.0,168.0,168.0,168.0,167.0,168.0,168.0,168.0,167.0,167.0,168.0,168.0,167.0,168.0,167.0,168.0,168.0,168.0,168.0,168.0,168.0,168.0,168.0,168.0,168.0,168.0,168.0,168.0,168.0,168.0,168.0,168.0,168.0,168.0,168.0,168.0,167.0,168.0,151.0,167.0,168.0,168.0,160.0,158.0,168.0,168.0,168.0,1.0,England (Premier Division),9.392886454352699e-06
